Wavelength;SR;SG;SB;E_R;E_G;E_B
380.22592;0.00244859194977475;0.0017449402501445474;0.0031354104004918805;6.21213253222806;6.056645803183794;2.0867894311463537
380.95211;0.0021542030711494834;0.0016538400519133575;0.002810105905392618;7.688860001016325;6.910992040591197;2.4673573475046116
381.6783;0.0021299125877548976;0.001722506772210436;0.0025673038521718708;7.133443995554307;5.5541205502323345;2.326378220350102
382.40449;0.0021739716215249012;0.0017180645303906475;0.002336403838048212;8.473959484064745;6.031255526661598;2.820922701224841
383.13068;0.00214884250257692;0.001638387796421933;0.0023132973063761104;6.916454378799758;6.658717605445523;3.354602745977443
383.85687;0.002070816811761108;0.0015420409559920004;0.002483795862185588;4.567416744402283;4.943207196422511;2.2879858405350366
384.5830600000001;0.001975493708318172;0.001459455734664954;0.0027586070584836135;5.5220006554291325;5.817691087627994;2.2198907578380416
385.30925;0.0018074367076854336;0.0013179448125482998;0.0031006423010113944;7.188499171537907;7.784296369654058;1.7821521770660012
386.0354400000001;0.0016845106317769222;0.0012181530618912493;0.003527944256768048;7.132217464324891;6.275328750074975;1.256705685348621
386.76163;0.0016432443322856234;0.0011903169431937467;0.004644408353983761;9.714277467164763;7.986972440709863;1.2866843011872826
387.48782000000006;0.0016834760494474118;0.001103143835880136;0.004838956685187775;6.985900321151855;7.502304482608119;1.1951579432427655
388.21401;0.0020894908240268284;0.001131517488805451;0.004894297059685711;5.525102878301846;7.745195199674526;0.9590411449418998
388.9402;0.0026889949620238535;0.0011443168901170383;0.004803521964702374;3.6541633982144464;5.746266262135951;0.749713399444727
389.66639;0.003438854876065014;0.0011203032870838788;0.005011628163040842;2.8580014652435146;5.317546001752991;0.598611920756616
390.39258;0.0042476893504206316;0.0010546536414197485;0.005490389673892887;2.414140756520022;7.142453831621308;1.96082401940646
391.11877;0.0054087472666276;0.0011146719770527814;0.007077529467328427;1.8353341799037792;6.387655400192164;0.9195584441676449
391.84496;0.00666374653111986;0.0011135874568314397;0.010155862105727595;1.491816382203599;6.915905986931846;0.5986456893554071
392.5711500000001;0.008178068534658637;0.0012716051844439916;0.015489465745478324;1.2091379709600334;6.029120208244066;0.3861992495744017
393.29734;0.009693489874144194;0.0013574493753304678;0.02245003618837609;0.9836098906645078;5.570171675773311;0.27249822815682045
394.0235300000001;0.011342085066072278;0.001394144946702112;0.03177834379524642;0.7559561223870128;3.2750794240413375;0.1751411708208061
394.74972;0.013307307770422643;0.0016865841921288008;0.04164964316526774;0.6729932808822472;4.0480036582263175;0.1262361026124796
395.47591;0.015453881077400608;0.0018677705656995243;0.05349576971062973;0.5540729317251201;2.6364368269975667;0.0960363772998169
396.2021;0.018104125642043233;0.0022621097351965083;0.06706662036082273;0.5033526279402295;4.0203626995108035;0.07962963198626925
396.92829000000006;0.020556395701882835;0.0026589505861867257;0.0814349224946125;0.41168694366799596;2.4947828025903567;0.06257082355951286
397.65448;0.023485627243216404;0.0032277781247942324;0.09831873033375474;0.3381875338725655;1.4361978949328298;0.051710142884225846
398.38067;0.02612982646855065;0.003941534436490838;0.11482812279324739;0.31295698666633953;1.7912181583167668;0.042709485150357905
399.10686;0.028973314730942643;0.004636112472977946;0.13478025464766738;0.27173730357110043;1.1054297694073167;0.03662243350858274
399.83305;0.031381108853564633;0.0053152347951106755;0.1542933148625718;0.2528275282934048;1.0765553713106455;0.03086801398875197
400.5592400000001;0.03338725850123757;0.00576156566836692;0.17357419541145735;0.23141312192283087;0.8883964118207144;0.027376053772207094
401.28543;0.03483798169803125;0.006070884434214776;0.19102956491796402;0.21659431451650898;0.8329369040036487;0.024120286535171568
402.01162;0.03590497884666995;0.006648450768564817;0.20467470890466705;0.20576267049889516;0.8162722020832948;0.02158608228496673
402.73781;0.03731650542747828;0.00720676512240116;0.22182915270969025;0.19234976288911765;0.7342549389238554;0.019670311209718534
403.46400000000006;0.038874418563231074;0.007997099873481508;0.23990815366948803;0.18378615802373496;0.653307834120086;0.01815236065125023
404.19019;0.040404856236212976;0.008913652773426449;0.2597146857576894;0.17407496856650514;0.5619505948111336;0.016603107445158145
404.91638;0.0402144660729535;0.009520922860571249;0.26942531182883594;0.16631246218043974;0.46550091958054785;0.015428041096343648
405.64257;0.04043599615124988;0.010322607841235258;0.2823885049264005;0.16451464696524393;0.45540265623673565;0.014265851601832646
406.36876;0.041057172989947904;0.011156411995093927;0.30121502184874344;0.16084955547266955;0.41919953911373575;0.013333666642643264
407.09495;0.04169904806321704;0.011999232437338584;0.3203644733962634;0.15589950735010405;0.37833847997201847;0.012403677838616978
407.82114;0.04154868302436089;0.012551844684932152;0.33269806097377586;0.1536315996429629;0.3643630847134863;0.011660923415907819
408.54733;0.04256079781762609;0.013504936875605809;0.3524921691763737;0.1472001293047423;0.32232545920259004;0.010863195516290112
409.27352;0.04221228967935152;0.01413414251437783;0.35899920701354543;0.14611129704501427;0.3105754807381772;0.010253209393707583
409.9997100000001;0.04309726820374853;0.015177875443442563;0.37625374371001574;0.14179618848647996;0.281929108097105;0.00993191777431338
410.7259;0.04284994691000646;0.015851148376473757;0.38293061381484117;0.14032409431806753;0.26796600268950094;0.02654356569495233
411.45209;0.04312387952121973;0.01685451847309227;0.3950391170076451;0.1365691117051321;0.2444335118076916;0.025280967851451234
412.17828;0.043073382049459735;0.017778328412886304;0.4068152992814027;0.13664849837784165;0.23468009337790258;0.024315366406974334
412.90447000000006;0.04308642779143951;0.018823219924196857;0.42119865316552696;0.13460595481546445;0.21829188167903515;0.023165312345200476
413.63066;0.04259804052678404;0.019632386349193495;0.4339975411970714;0.13480466597060334;0.20650492064812123;0.022474938546536677
414.35685;0.04327546458703619;0.021052780048347625;0.4583797506101392;0.1328305896642301;0.19011770461620808;0.0210410917183229
415.08304;0.043250767773708246;0.022166204776723042;0.47470879480684164;0.1315637923719785;0.18010057557034234;0.019964667147449933
415.80923;0.04295783880451831;0.023149320113751055;0.4881029911752153;0.1299722769452972;0.1704072481771206;0.019092904317049703
416.53542;0.04255361682090403;0.024022549872122677;0.5000626650265375;0.12924550301884066;0.16188191639704028;0.018480516687692645
417.26161;0.04214123779927476;0.024895005141069394;0.5103435376430331;0.12674980385901402;0.15102650979805038;0.017771027397342973
417.9878;0.04097823831633689;0.025310718050650338;0.5116595804373804;0.1272465062228399;0.14472089328196316;0.017244921750133476
418.71399;0.040789952985366834;0.026391274335940972;0.5263573115830505;0.1281486790774759;0.13967346423175808;0.01656068422951752
419.44018000000005;0.03986904535651887;0.027020700565353845;0.5327482915004106;0.12876469067683569;0.13389326150897504;0.01623365440162146
420.16637;0.0395023419148608;0.028068584045171294;0.5471901018084196;0.12792701029265385;0.12669066778990037;0.01564637354240365
420.89256;0.03760789822895932;0.028024206518936043;0.5399422308730246;0.12988041313991583;0.12295654085692936;0.015101282204823157
421.61875;0.037255782288346175;0.029088024147228043;0.5538408314810687;0.1300384084902826;0.11744419453718086;0.014688641574470836
422.34494;0.03645322627291133;0.02977360233255718;0.5587559535442491;0.13117369808337398;0.113140118109489;0.014388140277233261
423.07113;0.03609038335626225;0.030754613831915394;0.5692064482827358;0.13046597944272315;0.10746040793975736;0.013892326761766825
423.79732;0.0350263477837265;0.031062442669143795;0.5693633936432283;0.13172089005392593;0.10434366632047057;0.01359414035120525
424.52351;0.03386891495235539;0.03120794952071817;0.5675328454065038;0.13387474595224694;0.10217713549390363;0.01335962246667034
425.2497;0.032982211795371495;0.03152313548326534;0.5722561914075958;0.13439863162799243;0.09922058057527103;0.013230314561812472
425.9758900000001;0.03223552418173892;0.03188632204167675;0.578496274800284;0.13381449681945237;0.09566769258264604;0.012682337048155667
426.70208;0.03145421949249489;0.03216188532032176;0.5856998312852354;0.13729931957506386;0.09449802887379383;0.012243876443872693
427.42827;0.03048712448145915;0.03217629699959911;0.587158507927039;0.13855702967105857;0.09197762676079062;0.012005520043831023
428.15446;0.03015243201392047;0.03283505898574967;0.6014012761804026;0.14116202125774024;0.09095466731966002;0.011829953214059299
428.88065000000006;0.029645945797894382;0.03333436852614172;0.6123975953605802;0.13935395518913804;0.0876341118169675;0.011450921364696491
429.60684;0.028477985257463395;0.033058763555851196;0.6081898901466698;0.14282150205587268;0.08681168678986514;0.011186721782584444
430.33303;0.027781963681897306;0.033219752314348094;0.6108461516077799;0.1402608083295871;0.08306091410766615;0.010853537972533552
431.05922;0.02792722043400956;0.03443165967542094;0.6396133286710772;0.14597968972864692;0.08298870343894324;0.010676726682422526
431.78541;0.026618507256759828;0.03375042796218816;0.630350920414428;0.14512130118163913;0.08004602887662965;0.010321322848432332
432.5116;0.02614502338209545;0.034179562171955176;0.6446916380665576;0.14705449064194578;0.07886723226717536;0.010021121985748947
433.23779;0.026544385597253927;0.03571977437611589;0.6735275751775923;0.1457592413255699;0.07638480432166847;0.009668649651294953
433.96398;0.02606618404110916;0.03629113223419816;0.6853028323280134;0.14971389816317537;0.07552877269858986;0.009313485484943434
434.69017;0.02594043700380584;0.03749739808453668;0.7020473027763524;0.142175852635;0.07047323497640506;0.009081152833318246
435.41636000000005;0.02498860725909915;0.03790911015193682;0.7062933238528518;0.15136903652538045;0.07012486213300742;0.0089032597941275
436.14255;0.024763318394359416;0.03937325961770759;0.7209836028715697;0.14343811696792905;0.06453073255666873;0.008606550645038402
436.86874;0.024302611387782225;0.04069665859353254;0.7342440957006883;0.15305031287354173;0.06373927245870824;0.008335935771913154
437.59493;0.023847055216853447;0.041665793138177164;0.7383091303815498;0.1511602354434222;0.060110279364536924;0.008137229121456514
438.32112;0.02333481727046529;0.04261113397772241;0.7451737251548607;0.1583968828055867;0.05942665837072776;0.007971763760330111
439.04731;0.023487504050569177;0.04453956447131639;0.764447174649591;0.14383517319436895;0.05460109790624304;0.007765030324621029
439.7735;0.02308106218186161;0.04553377218078179;0.7695777745699321;0.15410551334234135;0.054543434247596306;0.007585355408369501
440.49969;0.02303734903952815;0.04729248440460385;0.7857678093882369;0.14451835911301936;0.05135077974734444;0.00739998033554361
441.22588;0.022209818837534354;0.047642329912693286;0.7829570438921086;0.1532781740086349;0.049916805123027395;0.007238044160838589
441.9520700000001;0.02183583847256139;0.04903234735839895;0.7990765278947134;0.15297735888253347;0.047985081007272404;0.0070909370212228675
442.67826;0.02128434194370301;0.05016743050800453;0.8174876495132825;0.15764039664654214;0.04711357831594975;0.006935605264478176
443.40445;0.020820301520810065;0.05066678826155724;0.825621425691058;0.1650613336627756;0.04634161638092684;0.0067811703549868355
444.13064;0.01984381985655239;0.049669981859070365;0.8150164260396326;0.16321883611569238;0.04566536069207125;0.0066720018707548
444.85683000000006;0.01984858345194665;0.05092260187500508;0.8396795256415343;0.1653189410083222;0.04509606239920548;0.00651353304941429
445.58302;0.018766856638246773;0.04960649242121604;0.8218072198057749;0.16355504245697802;0.044563289010669915;0.006395767554894499
446.30921;0.01845191106406782;0.050136740592559986;0.8315653196364579;0.16312549513950858;0.04392250715615528;0.006275531432413356
447.0354;0.017870277231705877;0.0487163814892904;0.8228238424776603;0.16766368036453275;0.04300858548959042;0.006198409684065773
447.76159;0.017642458475076454;0.04921877868251287;0.8272915375290664;0.17910156460943732;0.04211041624803863;0.006110562676732262
448.48778;0.017714442758262616;0.05090591918535405;0.8380663482374964;0.17283184399868204;0.041508051955135176;0.006017651562567435
449.21397;0.017835666807262382;0.053356016907510934;0.8450605137260983;0.16833060223936805;0.040978512262820004;0.005944567764999938
449.9401600000001;0.01770276043439993;0.054754070145032606;0.8348523990838549;0.16082624518472394;0.04023842041501475;0.0058385842701393674
450.66635;0.018030702460708162;0.058007108001928306;0.8434556651931805;0.1533553455815171;0.03152604654548349;0.009941679553526346
451.39254000000005;0.018343079259072286;0.0614158997931765;0.8517909102530461;0.15138399975684594;0.030499931815628017;0.00972642319840424
452.11873;0.01781760613446906;0.063271061586798;0.8359363847287947;0.15045041185442146;0.02906150068749409;0.009652946708448459
452.84492;0.01758379080961443;0.06595610348840324;0.8414858286661133;0.15310015196303098;0.028919358931185468;0.00952493168010737
453.57111;0.017286582712872908;0.06855927760784197;0.8513015139795586;0.15527722071055086;0.026773904288276595;0.009454860733869244
454.2973;0.016482506957716078;0.0678195135883482;0.8382137199621578;0.15791296160064092;0.02660144540295779;0.009388587743200338
455.02349;0.016269172660889553;0.07025141969574959;0.8572556304407195;0.16332695554975551;0.025495568917830915;0.009197466263112634
455.74968;0.015449529375749222;0.06942470103036683;0.8414575899668286;0.16548152057147983;0.025616805236210585;0.00903128791081716
456.47587;0.014983755670859815;0.07012393043440929;0.8377978094180701;0.16807678124613584;0.024486698919603603;0.008924360686207363
457.20206;0.014687543345053906;0.07041419693654308;0.8401052832562363;0.17003821943318748;0.024882349885851415;0.008825604800419658
457.9282500000001;0.014691182885887274;0.07264867483770526;0.8598396082447431;0.1745558814532384;0.023997046892447308;0.008858945328058766
458.65444;0.014475989955486811;0.07338724135497707;0.8657804319877312;0.17385551275662975;0.02383466645881464;0.008846629709196042
459.38063;0.01411891718318192;0.07406443682028292;0.8640856115131611;0.17392635333313256;0.022678139959528564;0.00864990876355318
460.10682;0.013932461441118071;0.07507756509164627;0.8704665473453852;0.1772362238306479;0.023380872779505964;0.008509797646903728
460.83301000000006;0.013813172673331379;0.07707260382429612;0.8798306645997435;0.18229557430857243;0.02211561546315604;0.008358198202839097
461.5592;0.013494450517542755;0.0769700916957006;0.8740389705295206;0.17904131593825282;0.02163688920874697;0.008162648483967168
462.28539;0.013760148246791058;0.08081766274626252;0.9032138619989687;0.17702338773198584;0.020518015612178378;0.008094573774519328
463.01158;0.013807727399594296;0.08238489075377754;0.9105596568158104;0.17360717420402944;0.02022261196643175;0.00792967142835253
463.73777000000007;0.013872171289179516;0.08485864115954261;0.9180610210592945;0.17257652796217915;0.019264645222679743;0.007791494322416427
464.46396;0.013755456467054736;0.08514352449519788;0.9154207565999215;0.1700851458859076;0.01930246792812785;0.0076621683711542874
465.19015;0.013756151915549176;0.0872119811511401;0.9250163802249288;0.16700245476237371;0.017974434492456965;0.0075058500823049846
465.91634;0.014033714758454868;0.09052820975571667;0.9530502815548597;0.16551672516848123;0.0180502873916026;0.007347963106074027
466.64253;0.01375470856520299;0.09121710813606394;0.9421225724757654;0.1670475040011288;0.016878223943862188;0.007205381820845472
467.36872000000005;0.013981452327946437;0.09478389521106148;0.959561634568978;0.16418283578593176;0.0169733004884734;0.007084340498485166
468.09491;0.013969868180686656;0.09753690356213321;0.9549416171306429;0.16092704497589752;0.015647021306047133;0.00702083617401543
468.8211;0.01418677856025081;0.10187105382363074;0.9587735686692435;0.15728648537774337;0.015364746846940162;0.006948982120040135
469.54729;0.014545357800683396;0.10790518087003306;0.9611753971286614;0.15401009226303092;0.01409734117546775;0.006877179970902493
470.27348000000006;0.014907144911112767;0.11350159772300197;0.9676549225374723;0.14714883384552335;0.013448009500129867;0.006782467042626901
470.99967;0.01495057286761699;0.11908567326501429;0.9646554228316758;0.14108232913895855;0.012152975794243457;0.006590270551527215
471.72586;0.015019730788608078;0.12867152633716125;0.9727138417962349;0.13827305134424453;0.011479957250834264;0.006518275977982942
472.45205;0.014853383938893116;0.13393830707688897;0.9738251109389923;0.13628892691605182;0.01085071851096622;0.006409034627978639
473.17824;0.014817266149063608;0.1374236224319423;0.9867227973097406;0.14138009407493232;0.010548384197572726;0.006229288148059507
473.9044300000001;0.01450368051790663;0.1371951481141909;0.9828186261989749;0.14352994311490155;0.009632559994732443;0.006206725589229515
474.63062;0.014381378751289278;0.13684956788057018;0.985251212512272;0.14250168515840972;0.00923575453177041;0.006147467947496181
475.35681;0.01432930458580284;0.1365261925075741;0.9831475733072574;0.140514261387203;0.018877208510387114;0.006082285759147558
476.083;0.014592729539571211;0.13861354572310325;0.992903733524342;0.13459139344093604;0.017437350004331005;0.0059657143372596035
476.80919000000006;0.014749079941112197;0.1399472938714402;0.9830549585724854;0.13223900344065895;0.016240171099551216;0.005935162307828041
477.53538;0.015137913680847727;0.14580806851993677;0.9906367345284007;0.12838446326776798;0.01522888165531848;0.0058942446928172305
478.26157;0.015563500325399935;0.15585210951251563;1.0;0.12539336940137563;0.014295169340681679;0.0058558361701117195
478.98776;0.01548167405362025;0.1636355583955591;0.9761570309943011;0.12213346149328021;0.01344719373069472;0.005761160186689657
479.71395000000007;0.015722110882395376;0.1725568163175753;0.9743802657683642;0.11952989327423129;0.012528968573884646;0.005781406137373821
480.44014;0.01592959179265949;0.18162787883634784;0.9702893690729167;0.11775986750369721;0.011749780736841046;0.005747488070075713
481.16633;0.016098990641732487;0.1906665747042534;0.9641336665148608;0.11644788017354088;0.011452147081441513;0.005823397065996691
481.89252;0.01621472599637134;0.198924725868142;0.9555333172256403;0.11437880127544953;0.010967243447905365;0.005824885100658557
482.61871;0.016529538664720414;0.21000989474018752;0.961672302726679;0.11269981094071752;0.010171031100095193;0.00578875548549229
483.34490000000005;0.016524849942499076;0.2167320720751702;0.9512117581286088;0.11110154663150969;0.009687669183761146;0.005777620579480438
484.07109;0.01657170543154483;0.22466452730495928;0.9452791363906287;0.10992484106454851;0.009375197745476077;0.005782717394244556
484.79728;0.016648237865074262;0.23423805815777593;0.944500818641483;0.109481917299883;0.009029341081597378;0.0057529547369442515
485.52347;0.01667979228702846;0.2443327798961238;0.9433804036671846;0.10959961331578508;0.008665632076461486;0.005765795778311197
486.24966000000006;0.01707372544623834;0.26039497691275737;0.9639244139590686;0.10825953467117544;0.008297049884194085;0.005779662415456459
486.97585;0.016318375524503104;0.25965913190621615;0.9209637892626109;0.10769389011668663;0.007841382858251342;0.00572129835172576
487.70204;0.016849569769306502;0.2793373301597129;0.9486350696007809;0.10646634676456028;0.007394106226710968;0.005658701090336118
488.42823;0.017192977329445917;0.2965671657710186;0.9626863147385034;0.10575922961893724;0.006999092425734364;0.00561249153217389
489.15442;0.017416765377460224;0.31156196469147046;0.9668592038210893;0.10418517922684402;0.006728761069023234;0.005583028163318284
489.8806100000001;0.017565906063851583;0.3247990045797398;0.9634294356669502;0.10360525955754978;0.006511053180073532;0.00563000704672469
490.6068;0.017817184906935842;0.33887024845573077;0.9596916117720156;0.10127363851699678;0.006179021216921361;0.005628664806778669
491.33299;0.0182448433076932;0.3581735189557905;0.9673235468088505;0.09986926071929905;0.005861696982384606;0.005642947978277028
492.05918;0.01828972241980657;0.3700931713271091;0.9524157233265876;0.0982666984925476;0.005646828842835949;0.005684427417052359
492.78537000000006;0.0182759927811116;0.38135377086972283;0.9351559298716292;0.09712475024021619;0.0054322571104008675;0.00572100381361673
493.51156;0.01874683167453876;0.4009885858778707;0.9405189085540732;0.09608206141799379;0.005196828270351732;0.00573762430659943
494.23775;0.019244704204942897;0.41849276913029493;0.9404567693708181;0.09601162681742832;0.004987541644004596;0.005757109543042169
494.96394;0.019443641462634068;0.42750536176185416;0.9217128460175367;0.09204379211140667;0.004813075216094336;0.005788282822910236
495.69013000000007;0.020224709151211846;0.4491578703797588;0.9280769863738844;0.08970755242185678;0.004647196037538346;0.005812114917978601
496.41632;0.02093168792788226;0.4655168309169319;0.9154701468949022;0.0855718495380056;0.0044665006520154356;0.005803576213276362
497.14251;0.021553883135257836;0.48712549217385503;0.9161430116058159;0.08225762658773218;0.004269075332342135;0.005837089468008109
497.8687;0.0217217966392724;0.502479314211775;0.9080683852169956;0.08068429161187493;0.004075781670200683;0.005817913108883128
498.59489;0.021612610643734334;0.5121657044320743;0.8926669825173079;0.07932853787326846;0.00390717447356869;0.0058794288881862155
499.32108000000005;0.021407060971084076;0.5209510294555596;0.8770284450922606;0.07810263631234536;0.0037668037955366396;0.005959355344806183
500.04727;0.021212352905848095;0.5309406782483046;0.863848454765742;0.08468031283306816;0.006250352371379781;0.006011315029795554
500.77346;0.021442491472371518;0.5516263985490117;0.8680539514550426;0.07951479327349233;0.006073074832745081;0.006042552464644465
501.49965;0.020862653117901503;0.556262070327863;0.8449136881731973;0.0761113008027476;0.005875569516947935;0.006108131101043131
502.22584000000006;0.020704649889494314;0.5731341460305239;0.8375997379437502;0.07758645602363891;0.00563989627811139;0.006157222758740968
502.95203;0.01985660228403862;0.5765195017887043;0.8062386195756535;0.07810377518768918;0.005471431403643779;0.006254542652902314
503.67822;0.019862717414328532;0.6027653507943275;0.8017625512528831;0.08204010383477356;0.005363115979064433;0.0064180075196284825
504.40441;0.018952103593786525;0.6101186882691045;0.7746606815037308;0.08617984382794508;0.0051611722837945125;0.006464044236851885
505.1306;0.018687580615760545;0.6306867621938097;0.7648455359603717;0.08364872512284652;0.004950255694269892;0.00650235340901434
505.8567900000001;0.01831623994115865;0.6358880858129854;0.7368907303608628;0.08751155822689467;0.0048252940759329595;0.006614527321001134
506.58298;0.01849862109262712;0.6511636985557517;0.7223119155501839;0.08291798798887297;0.004708959365743378;0.006731373810405168
507.30917;0.019185203995015547;0.6737076784633773;0.7168583167064254;0.08063602673602202;0.004563003835584238;0.006821966049251458
508.03536;0.019637029803793532;0.6819784440860054;0.69881390577579;0.0767335113339889;0.004417143257894283;0.006904052506937692
508.76155000000006;0.019673916051337285;0.6770418041091993;0.6693534182813852;0.07408266473483152;0.0042851839903919;0.006935315653488628
509.48774;0.020701644572445964;0.7014645223232662;0.6688462685150718;0.0717415678443172;0.004210399143270087;0.007029550933343221
510.21393;0.02109794112472985;0.7119643984753521;0.6530799769781811;0.07008694161451372;0.004135944986197299;0.007151330774967087
510.94012;0.022176935752434453;0.7419830870016328;0.6521197277551571;0.06769193930689041;0.004027042032095221;0.007185964745779201
511.66631000000007;0.0221215974956442;0.7339917581356535;0.6149398970044071;0.06616909586004098;0.003953928721828831;0.007487192007864928
512.3925;0.02301633095386181;0.7525589811251429;0.5973401385903659;0.06318182399585107;0.003839791889265967;0.007704045938588285
513.11869;0.023654307563921634;0.7634317605522325;0.5719442528394877;0.061480118943406124;0.0037230428710371905;0.007935438260854357
513.84488;0.02424245202323683;0.7680945739328463;0.5423807651940671;0.05777499014530444;0.003648407129858339;0.008261631196108121
514.57107;0.025233502505253042;0.7794068391931058;0.518823237629015;0.05527504349160682;0.003552549543465004;0.00850098283101502
515.29726;0.026632647125307735;0.7988666428174289;0.5028834433073761;0.05215746399028348;0.003459493758899465;0.008757090228305333
516.02345;0.027614804561890888;0.8059460683959258;0.4800983435823417;0.0502768195547347;0.0033585626275091126;0.008940087887562183
516.74964;0.0286492598407036;0.8146630767392581;0.4571024684269711;0.0464765383743004;0.0032659599822668552;0.009162544177223382
517.4758300000001;0.02983950661381885;0.83007120946922;0.4434880175157814;0.043685792663048534;0.00317040073331292;0.009397892513978372
518.2020200000001;0.030425221683158952;0.8250343359927282;0.4215444696328355;0.04205484172744549;0.0030885708756541;0.009693762674796956
518.92821;0.032122738978413126;0.8481944102492415;0.41635438345445186;0.040763247427190306;0.0030240653440316355;0.009952520828065324
519.6544;0.03348534744889811;0.8605621691913686;0.4066181256830611;0.038950576512239654;0.0029734077265928982;0.010280393299562844
520.38059;0.03497757331938098;0.8771997088858304;0.4007230006847098;0.03773723719676845;0.002988597011379766;0.005638570424924917
521.1067800000001;0.03564610696088605;0.8694611131772078;0.3835774735872787;0.035631006943065036;0.002927584486569208;0.005907877820734316
521.83297;0.03693873956263996;0.8760854981377864;0.3727568838954117;0.034128494708683704;0.002867336406282831;0.006030734352722505
522.55916;0.03827377719604839;0.884609252307399;0.3597956804319667;0.03292813290009248;0.0028150966725565005;0.006212797305573225
523.28535;0.03890304195191615;0.8775926370727339;0.33862810467332227;0.03207455047400674;0.002818626108024313;0.0064986848619335465
524.01154;0.040290322772522834;0.8878826599679696;0.3209156806906494;0.030810861372328108;0.0027712550261343206;0.0068535829874269896
524.73773;0.04129801659327966;0.8930126407229985;0.30489819385556743;0.029971803400137553;0.002730109629615131;0.00709749183853948
525.46392;0.04143992179194875;0.8830554752304931;0.2849510460826772;0.028847047795476997;0.0026893524777929123;0.007555540649473837
526.19011;0.04229523775133192;0.8918651687807106;0.2732915887947621;0.02794828240957477;0.002669003500936097;0.00783993028260836
526.9163000000001;0.04267373649669155;0.8937676574271006;0.26151696895970783;0.027688073033156062;0.002650371692119238;0.00824482926257601
527.6424900000001;0.044030446225649895;0.9164957602418834;0.25849643697132774;0.027544508923510083;0.002592575260200481;0.008165674834037769
528.36868;0.04465142475684553;0.9250115141161401;0.2519714554773184;0.026840025379370417;0.0025351946566653386;0.008184280497350534
529.09487;0.044060138094854776;0.9122339617981975;0.24139332514841685;0.026380239060822448;0.0025182806672361447;0.00848763571353566
529.82106;0.04458303242222393;0.9250788885430229;0.23822116156937548;0.02628189785968341;0.0025267328560462324;0.00881369322494111
530.5472500000001;0.04523817457888836;0.9452217347724858;0.23772616147511877;0.026146360184414404;0.002512854133806157;0.008960418386533452
531.27344;0.04321140977370004;0.9136723935657114;0.2235836128230044;0.026521204354000502;0.0025046590506381827;0.009291066459475226
531.99963;0.041128687264547284;0.8885714042973318;0.21220363261525405;0.027168425346760672;0.002498617721373079;0.009354264751527142
532.72582;0.040011457516135294;0.8889460497770796;0.20800804270889645;0.02804587228591401;0.0025015881181402896;0.009447348647195096
533.45201;0.0385820020824312;0.8858670728091833;0.20281627763688936;0.02934825330246376;0.002502552267663417;0.009735709306808154
534.1782000000001;0.03739327490329556;0.889319130597712;0.19792778586672147;0.02962437790903922;0.002472487042304028;0.00998724142190343
534.90439;0.036577283832738755;0.9028362347502529;0.19464805894980655;0.030494344984449046;0.0024554797071578453;0.010173511293067813
535.63058;0.035309067838630595;0.9049178239777799;0.18777326085763263;0.03147099008672954;0.0024544362747923685;0.010477885033157108
536.3567700000001;0.03344596743341332;0.8915079900596841;0.1777686003517213;0.032847021570463375;0.00244780757809059;0.01097237979324676
537.08296;0.0320556185156258;0.8889349656176249;0.1704323750788259;0.0342075449674993;0.002445224719095025;0.011610572389430942
537.80915;0.03061325314449181;0.8874595934207042;0.16330013497791684;0.03603379013113004;0.0024475780898591936;0.011951820622667041
538.53534;0.02995110674316917;0.9061134346846906;0.15962771512089702;0.03719447648185971;0.0024431993631553388;0.012351956246974266
539.26153;0.027547224577837745;0.8703951873633472;0.14581227120707851;0.03891302354193802;0.002440770355159463;0.012889117479303007
539.9877200000001;0.02608696359780151;0.8591768432589615;0.13661273344456526;0.04038222642319112;0.0024435905407039727;0.013597461423271904
540.71391;0.024603837870286027;0.8455146185369417;0.12758435083927047;0.04208061457804743;0.0024303208977297687;0.014285649138040967
541.4401;0.02309947711686593;0.8261882764761175;0.1183916331204961;0.04405344057529248;0.002453171487783326;0.015353288557382314
542.16629;0.02219002625850476;0.8270775956687519;0.11348061555923424;0.04655209828457006;0.0024661487112746685;0.00607235427059324
542.89248;0.020942839557142743;0.809688323221893;0.10770313162061686;0.04797513109766034;0.0024590401946515223;0.006067955582703281
543.6186700000001;0.020445416262866094;0.8183599644373355;0.10698120892430832;0.0499558279011211;0.002462124119489155;0.006066206376968389
544.34486;0.019982926961477517;0.8244687258883842;0.10721027366298481;0.05082856088201484;0.0024601194968387778;0.006062376959987335
545.07105;0.01927804870942087;0.8154581029948392;0.1063746796318267;0.05222843026089307;0.0024446869953359965;0.006059725974122748
545.79724;0.018994299992843418;0.819844850867025;0.10723612615579801;0.05286343826394297;0.002440890747232622;0.006056026612054124
546.52343;0.018705121375563988;0.8231041471455461;0.10670716135977242;0.05402737166017571;0.002430213498009616;0.0060598998947404645
547.24962;0.018437826582614548;0.8239097388025232;0.10536934503932524;0.05385325407315376;0.0023965590952785202;0.006030641773219872
547.97581;0.017856485470768596;0.8051479306097868;0.101231105790296;0.054046900336746875;0.0023955530089495485;0.006150752547200388
548.702;0.0178946037933118;0.8072626140192756;0.0995628792842952;0.05470337876090708;0.0023853423106249493;0.006310319408894335
549.4281900000001;0.017728061488775797;0.7973591636641136;0.0961505085701547;0.05463541190892145;0.002381465652535241;0.006453260438096937
550.1543800000001;0.017614702768637282;0.788199469503791;0.09257478101142876;0.053888841295791474;0.002390687921827443;0.006610596734062458
550.88057;0.017744816427422726;0.7864841750952919;0.0898809905842203;0.05253106577984212;0.0023956715064316365;0.006760544487665844
551.60676;0.01756318140741388;0.7656395836152915;0.08530404561803734;0.05230815822500314;0.002397328500285697;0.006926546158874143
552.33295;0.01762770734725675;0.7521879401510017;0.0818097267915045;0.05219753871828314;0.0024000383211878707;0.007175904996108675
553.0591400000001;0.01809204009639076;0.7562788661847953;0.08018679229926924;0.051712112363925554;0.0024104295136259894;0.00746162247197634
553.78533;0.018314572046028585;0.7496075076387609;0.07752344522932227;0.04933424924758775;0.0024128532884859573;0.007563565599487829
554.51152;0.01847332192131575;0.738573569636583;0.07484024583720639;0.04817128616862642;0.0024287044968904718;0.00774231480238722
555.23771;0.018384640267353335;0.7148256919714011;0.07119885011820665;0.04764641180300663;0.0024371449442936247;0.007957753861304043
555.9639;0.01920492843887737;0.7242412460071804;0.07089928733511885;0.046805336967677434;0.002445757942549195;0.008179812345936026
556.69009;0.01909511025630816;0.6980538614670927;0.06690589333020748;0.04539166039170615;0.0024623661243592674;0.008322140643691009
557.41628;0.019391649257114806;0.6860800080142382;0.063843342467429;0.044127479513647636;0.00248044536387245;0.008491700336007128
558.14247;0.020243669681959016;0.6854108106930736;0.061582364859297904;0.04254169112309358;0.002489445303994585;0.008917184127808753
558.8686600000001;0.020918432967137298;0.6720066110475653;0.05795174488334862;0.04060525686699367;0.0024966360710483603;0.009437350673181051
559.5948500000001;0.021499018502124725;0.6539835690525195;0.05374001972210698;0.03868583106114698;0.0025042677592607082;0.009944202692707193
560.32104;0.02323717527236705;0.6692380962022939;0.05189169327869406;0.03606774475154248;0.002485064871672122;0.01042703096785738
561.04723;0.023881644918241095;0.6495452850041197;0.04742235909838261;0.03374009390017861;0.0025009640481540186;0.011037411013871139
561.77342;0.025823018996019215;0.6602458219800927;0.04565973249513179;0.03235190954333351;0.002521700813935269;0.011800274539024672
562.4996100000001;0.026702534732846925;0.6424118580592394;0.042171829071681516;0.03105994827495051;0.002543831558860924;0.012677147596869656
563.2258;0.02811042702160092;0.6345344695978244;0.0394061615960931;0.029453160141053113;0.002574977524408316;0.013710598233918935
563.95199;0.028437473561033776;0.6016674939331637;0.035321698527104914;0.02766637403428574;0.002612970472882016;0.014322773723217986
564.67818;0.029627566603297982;0.58293159449562;0.03239804958707623;0.02597177665746299;0.0026518616678830246;0.015102456408891648
565.40437;0.03184813336315334;0.5796894499704192;0.03055483336454728;0.024668021086875016;0.002675927192778357;0.01636944458444299
566.1305600000001;0.03414306595634236;0.5688255610195495;0.028618868373113476;0.022619581124567058;0.0026859808982494814;0.01769772009942053
566.85675;0.03604695853395333;0.5574478952240702;0.02700052303328415;0.021060220768067534;0.0027402491852156876;0.018725344238744526
567.58294;0.03994852783137945;0.5513244779308757;0.02537806258852433;0.019050673159187986;0.0027800172187560732;0.019612941858080477
568.3091300000001;0.04475308709018641;0.5443027022330574;0.023792543111457586;0.017526661914699954;0.0028167816275028713;0.020648219600514883
569.0353200000001;0.0496346357871082;0.5237429011810308;0.02184418176714357;0.015641213104103525;0.002883383319959386;0.021399397249936346
569.76151;0.05596815837062057;0.5129048839616963;0.020484287770679885;0.014271130669359899;0.0029478970525728637;0.023221333879857087
570.4877;0.06476601578266691;0.5113392443162986;0.019619793338780427;0.016204390629215012;0.002977819870594523;0.020004351308026653
571.21389;0.0721133266247424;0.4931202913647073;0.018386983197914715;0.015160898331178639;0.0030270097401958237;0.0200048389382819
571.9400800000001;0.08102689087193282;0.47732282885998184;0.017546900418452454;0.01326544942625913;0.003077129794729237;0.020006854318605546
572.66627;0.09065331702125307;0.46472142853908605;0.017077112864537038;0.011970885674427632;0.0031608309251492826;0.02006709802262372
573.39246;0.10248023061732965;0.4520761321297932;0.01692328413776282;0.01037921679903091;0.0032564090837702148;0.020293280256236876
574.11865;0.11441952706804516;0.4288641462176729;0.01656248998851102;0.0093449332775491;0.0033548828256115596;0.020582659334673247
574.84484;0.13085705161502129;0.4096096512161374;0.016068980036550027;0.007982454665150945;0.003426617000480219;0.02089407838800556
575.5710300000001;0.15194105124554236;0.3944720950070909;0.01570791211921753;0.007025553039748547;0.003512366235371625;0.021217706253841416
576.29722;0.17955806919348735;0.388751404369293;0.015706650699930262;0.005831473114675203;0.0036363090581924486;0.021596901955907313
577.02341;0.19811590425186443;0.37217415414487104;0.015286626050734128;0.005085186477867435;0.0038192562279044284;0.021891853710405088
577.7496;0.2208974367664085;0.35931722690443535;0.015051921021170138;0.00452862754189137;0.003915935925737573;0.02225667408183043
578.47579;0.24524829773799686;0.34706802092896044;0.01486711389045075;0.0040657463903725245;0.004020329632967254;0.022483044365836678
579.20198;0.2706222727943619;0.3360572497200154;0.014731742211931433;0.0038995315903646607;0.0041792418482689535;0.02281448669017271
579.92817;0.2918487836002912;0.32165595888275866;0.014429896762417444;0.00379893569690344;0.004320053773337067;0.022986908318591317
580.65436;0.30539248212813064;0.3004867881284904;0.013784000395613913;0.00488674483610051;0.004458663869113382;0.02309217506513944
581.3805500000001;0.3323424270159073;0.29274068562181116;0.013741136966377061;0.004560105542775561;0.004611013986562348;0.023385422984799314
582.1067400000001;0.3604179166445864;0.28637906429371435;0.01374922401241315;0.00433254017383384;0.004801322750204878;0.02373014977809133
582.83293;0.3861967690579544;0.27846965330713647;0.013691512407464456;0.004091037291190387;0.004951042815893665;0.023942463917839468
583.55912;0.4035583088355831;0.2672921250071687;0.013469907391142667;0.003905218019307839;0.005087185643435167;0.024229069946447447
584.28531;0.4115793238276388;0.25554705061098376;0.013184106457603168;0.003725212409670198;0.005210665802957326;0.02437856483327673
585.0115000000001;0.4355768164622334;0.25305440882154384;0.01341350266747453;0.0036580946476975624;0.005502527109454545;0.02457810335177421
585.73769;0.4340339824317441;0.23662348654663518;0.012939106415190036;0.0035719337587196004;0.005763654460474201;0.024858149229646312
586.46388;0.4264790829262709;0.21858762615637323;0.01237020402447395;0.003521457054478673;0.0059787206025585255;0.025290729957247283
587.1900700000001;0.43290270241698714;0.20876996307506218;0.012253185663550424;0.0034842557503640737;0.006213257119216702;0.02559695085843881
587.91626;0.4289201010537111;0.19480918723240145;0.011898035954319876;0.0034790422981081565;0.006692039505377213;0.025950434603423153
588.64245;0.4260637081172952;0.18274606576348912;0.011611514473750226;0.0034659292608347114;0.007077960470469304;0.026352566368060402
589.36864;0.4277928446186247;0.17381961790559425;0.011494336184395344;0.003455225322790378;0.00744264640696573;0.026899763357915805
590.09483;0.4247575311073209;0.16330383231869988;0.011304931483879685;0.003438034427897796;0.007807477879759206;0.027012655159306107
590.8210200000001;0.4220707315746843;0.15383951816112082;0.011148321624841848;0.003475262842901385;0.008351210170940856;0.02723096906435939
591.54721;0.41922371653539514;0.14397769822960785;0.010983135012972293;0.0034949529187917137;0.008741323046872421;0.027660846823975738
592.2734;0.40824327137924493;0.13338387551937567;0.010626874588466883;0.003524784983931601;0.009201002556740875;0.028165408922767463
592.99959;0.40607104957918544;0.12726716628658058;0.010509566457340152;0.0035815733243258776;0.010110407232029958;0.028482588666639993
593.72578;0.41013654547246503;0.12406181515270101;0.010533337395825643;0.003560807590451497;0.010577842783519378;0.028838316578560938
594.4519700000001;0.39441185020098646;0.11568794948444965;0.010056364725892527;0.0035309025530049307;0.01107335026300588;0.029026509524218237
595.17816;0.40090259893708263;0.11414168848183574;0.010176602189556972;0.003569900319184662;0.00633079067559571;0.029231954786557168
595.90435;0.40154387592020274;0.11101189160216335;0.010159531722594789;0.0035909683521375448;0.006767760302382895;0.02950992436625757
596.6305400000001;0.3848999393719866;0.10321303946004518;0.009713854346808116;0.0036169960407045243;0.0072338355387820095;0.02981212507636309
597.35673;0.3704710791191355;0.09514378491005746;0.00935206574154781;0.003649248858663188;0.007695034916178736;0.029947414163567204
598.0829200000001;0.3616832423114732;0.0876674853283902;0.009126266560336865;0.0036708457533262597;0.008193563168982718;0.030182232963058896
598.80911;0.3639427400924726;0.08163188834250187;0.009163302869890012;0.0036834668421921644;0.008805549536532831;0.03037695870650265
599.5353;0.3661833648293681;0.0769767462099419;0.009211814464451759;0.0037078623548868006;0.009439856573660099;0.03065332079923188
600.2614900000001;0.35947138267247847;0.07066710228451777;0.009034838155138078;0.0037229958013276464;0.010166548294464634;0.030893870533065675
600.98768;0.35619166837832894;0.06524753845772308;0.008947548969252673;0.003757424670859415;0.011041660334008765;0.031193039817597176
601.71387;0.35415024079337193;0.05968622607844362;0.008882047739575044;0.0037848004308570944;0.011879917487908995;0.03139958032408595
602.44006;0.3463388456313415;0.05421323800000078;0.008646235370710527;0.0038173600612525236;0.01292834734046518;0.03164733383026493
603.16625;0.33811712587449566;0.04981962267272142;0.00838574371427542;0.0038514253241129837;0.013956489330830081;0.032155789435704574
603.8924400000001;0.3268109173242454;0.04613507784029564;0.008004480507980988;0.003877914081593643;0.015254103781555608;0.0326819788525423
604.61863;0.3255904736902972;0.044817050599909196;0.00783700572494802;0.0038889131170381833;0.01639515125300473;0.03364504921751952
605.34482;0.33039991645083183;0.04503667727835289;0.007785235900696976;0.003934076785567219;0.008872807395565799;0.03473248580466453
606.07101;0.3237294013826731;0.043986490122140086;0.007460279493475495;0.003993508473867792;0.009064390816331744;0.03583015366191822
606.7972;0.318314907616593;0.04332099874988861;0.007147169727424961;0.004002824383193509;0.009222953610392087;0.037231398012655265
607.5233900000001;0.30909370262252495;0.04180817339174643;0.006778548915112961;0.0040426998178007215;0.009500857023172176;0.037944291346632644
608.24958;0.3066717241531477;0.04103341397513805;0.006719676962410765;0.004085242984509789;0.009855890719475143;0.03878832933783845
608.97577;0.3164170046579742;0.04054865363022781;0.007036634493374108;0.00410868453029338;0.010429380126236234;0.03908941250025732
609.7019600000001;0.30500408904229176;0.03803941756398407;0.0069514240633170256;0.0041394072337717445;0.010542874832728418;0.03950953802861516
610.42815;0.2952340059734897;0.03556820763935126;0.00693929346705653;0.004198937449509666;0.011258752886866567;0.03737289988057384
611.15434;0.28993126737732977;0.03414613876529085;0.007014366906037788;0.004264646907402226;0.011236367000898145;0.03457660171415636
611.88053;0.2995432242043811;0.033967877636346434;0.007449500093058288;0.0043258598475172305;0.012804183778282817;0.0353984738450708
612.60672;0.2938633459206408;0.03237846982806898;0.007500337094577419;0.00441547539976818;0.012350458537375809;0.03636645332414244
613.3329100000001;0.2857082695651289;0.030087450197055665;0.007421297861211954;0.004489305017275356;0.013873003562873338;0.03676021168678025
614.0591;0.2745260050360405;0.02791599675992673;0.007123088356520228;0.004596165476785248;0.013772310045771058;0.03722740219935344
614.78529;0.27072290468056903;0.026270225558796118;0.006983390411177782;0.004673466769720824;0.016608724627603252;0.03714619905861417
615.51148;0.25919240499000806;0.02446436207907836;0.006690662351214205;0.004733041067062084;0.015383503966713296;0.037104440207124584
616.23767;0.25513977091342277;0.022925776542707665;0.006584885351632085;0.004829272496967264;0.017900873568887973;0.03892649644676745
616.9638600000001;0.23979504759259762;0.021125657111386274;0.006184453669575279;0.00498049293734259;0.017494899371382627;0.041239046717854735
617.69005;0.23063727228106604;0.019549094776091878;0.005936748611257535;0.005074660730358329;0.01964969502141447;0.0412049183263961
618.41624;0.22549141347102689;0.018887576527222304;0.005789778053836217;0.005128860324085523;0.01909561534315986;0.04159646789151177
619.1424300000001;0.22327519396740506;0.017839100847506683;0.005753193865428853;0.005252074333836188;0.021380836313606332;0.04176715749997191
619.86862;0.2219023668644721;0.017401581854755124;0.0057813643183871714;0.005318241994804005;0.020879955576361187;0.04198636677427836
620.59481;0.21640183302019522;0.01620373105458823;0.0057123470462239895;0.005318851949375298;0.02375437720085384;0.042198920291083686
621.321;0.2152882819362472;0.015779515522581722;0.005760988514208941;0.005434133296999176;0.022939465024936653;0.04269473696235672
622.04719;0.21189564872474018;0.014872607775509989;0.005775879713884526;0.0055286964968843735;0.026262174006775756;0.04221760176395687
622.7733800000001;0.2051440580351105;0.014150261933427137;0.005687417686708567;0.005586177600983414;0.02510776045229456;0.04195180595618205
623.49957;0.19941188001925456;0.013270635472959575;0.005643925519003865;0.005667796023157082;0.02811751571162868;0.041332165890494765
624.22576;0.1909108353917147;0.012571629213176339;0.005528084726618908;0.005764768213930499;0.026851223286259683;0.04095533172278468
624.95195;0.18969917974191663;0.012080989964073233;0.005604936403668904;0.005868272040275377;0.030669051206483573;0.04128092702736487
625.67814;0.1864604152425815;0.011822611436770427;0.005617925481171746;0.005948299153939735;0.02886898394630093;0.04157570728989574
626.4043300000001;0.18951680131104814;0.011641590759278899;0.005820614635103402;0.006031069115771724;0.03290920594026756;0.04084168160095052
627.13052;0.18752121308703293;0.011429874773329156;0.005838751337524676;0.0061095403978295585;0.031063391096239294;0.040603153793528274
627.85671;0.1820632903087538;0.010754717633613705;0.0057498836648085345;0.006187689021174603;0.03423686271596855;0.040525773316146735
628.5829000000001;0.18360791799139214;0.010812558715550027;0.005888099551478188;0.006255624171895495;0.032577511028057456;0.040166821175605466
629.30909;0.1790223908536611;0.010210974745509034;0.0058237186803876614;0.006319655412111608;0.03730237184017946;0.04054336575793054
630.0352800000001;0.17356103045480092;0.009852604997573847;0.005733815440762737;0.006530693686531256;0.035631449491172223;0.04170228724561097
630.76147;0.16470649256988792;0.009003984024785914;0.005540775528912452;0.006695664993305992;0.04064059323559299;0.04130497460648532
631.48766;0.16296968802113004;0.008766320580063094;0.0055820902202656075;0.0068182987446619055;0.03833795838383255;0.041345500622937716
632.2138500000001;0.15745736399362759;0.008148814106941895;0.0055124242873081965;0.00695125008004344;0.0449624279040322;0.04119989039190185
632.94004;0.1520279906460199;0.007742195455373955;0.0054471920545484855;0.007172506684243469;0.04295013364837489;0.04109679694460637
633.66623;0.14645744419621104;0.007147020561190232;0.005361540089105255;0.007328474384502457;0.051202831461400346;0.041692249019344436
634.39242;0.14491737626709983;0.006944009437139892;0.005426729251861888;0.007591444257727141;0.04839390340731897;0.04242032455352911
635.11861;0.14090295880265427;0.006569904068588955;0.0054387468014052524;0.00792083510792653;0.05674835617582728;0.042439510700168284
635.8448000000001;0.1358322533762046;0.006360980181558638;0.005418340007518719;0.008060407400286984;0.05389638587624652;0.042663544415706724
636.57099;0.1326163535762151;0.00596944549987881;0.005468697913791488;0.00819306371845439;0.05888904636489321;0.04166537279056805
637.29718;0.1264388113073881;0.00576074313230392;0.005386457089455747;0.008402814069370091;0.05638765666460621;0.04051198099212411
638.02337;0.12836732223412198;0.005938247028461763;0.005627818784797049;0.008719849705880658;0.059494249003750346;0.04045039474941918
638.74956;0.12445712975524696;0.006071553331128069;0.005609485361124344;0.008755486009727045;0.0601872376413917;0.04026176586992677
639.4757500000001;0.1219496261759182;0.006217108167886039;0.005632190084989703;0.008835600363318439;0.06412563625061923;0.040141714022661985
640.20194;0.11982130195750831;0.006468060078554317;0.005642922622207983;0.00906942358220042;0.050009877385808546;0.040470509191509484
640.92813;0.11874050071593514;0.006726339599875136;0.005719563257878376;0.009273086069605398;0.050529992147560814;0.03982589572785981
641.6543200000001;0.11424459330148759;0.0068467429922961405;0.005696022433391237;0.009536184145919039;0.051282516558888935;0.0395357679095893
642.38051;0.108390347210674;0.006759745329868003;0.0055988521536468544;0.009746391684417917;0.05283835001579668;0.04004231342847528
643.1067;0.10540893804972437;0.00674016313222577;0.005694607710874199;0.010279735804970734;0.05365871306379239;0.03977293615687412
643.83289;0.1017858760705968;0.0063935817084197445;0.005701725505152619;0.01083091858073337;0.05472693566094037;0.03929329382604882
644.55908;0.09899261075770494;0.006310921657108821;0.005805080856454011;0.011191419119074942;0.056074684124582226;0.038895950277464494
645.2852700000001;0.09391443916066695;0.005983129993081066;0.005704577048238218;0.007145900666055415;0.058927514092290155;0.039180736596639044
646.01146;0.08947587330272898;0.005779952948104784;0.005731311706835479;0.007551263121232277;0.060054691798535724;0.03800465048568847
646.73765;0.08329106093555703;0.0052939742273481125;0.005480427676928582;0.007949338435563714;0.06536420767501512;0.04041978797194663
647.46384;0.07984256679011799;0.005086598889440903;0.005503531596899064;0.008374493390574972;0.06350387165074638;0.038216504648900106
648.19003;0.07531573596362502;0.0047147338841109845;0.005347086436007827;0.00887467106339259;0.07539539137606753;0.04178181786932274
648.9162200000001;0.07149475855859906;0.004466450430643131;0.005284250085445511;0.009365224231445106;0.0711259769430153;0.03869529766310765
649.64241;0.06709305925631456;0.0040978708736617376;0.005052989686447797;0.009933650243821854;0.09209584690780712;0.04581783455613545
650.3686;0.06410406217837243;0.0039113644530889965;0.004989578115409747;0.010494468041016659;0.08093875416960629;0.04072849470227595
651.0947900000001;0.0588306453166143;0.003510528401160297;0.004622975516902287;0.01120687903157988;0.1086794298463198;0.050607072215101946
651.82098;0.054013940534192076;0.0032705526976090134;0.0043690163706188116;0.011820287849665675;0.0930662549029506;0.04548549586444968
652.54717;0.051632781281221334;0.003079770638868306;0.004221087085424271;0.012594278322048728;0.11026703738921757;0.05129591898157369
653.27336;0.04635882918535389;0.0028440468559112753;0.0039545215163546196;0.01342178926052365;0.10474115382829466;0.04923786875690523
653.99955;0.04471010511584579;0.0026859852569696024;0.0038681629403567405;0.01426557490561378;0.12967650473571302;0.0561607231785563
654.7257400000001;0.040710056541746135;0.0025129559952368915;0.0037085574346683685;0.015227996553579749;0.12049143708986514;0.05282637330515379
655.45193;0.03933594238024412;0.0023552667890468573;0.0036460688495668953;0.016532910477092537;0.14927320572529013;0.059368540415761645
656.17812;0.03641177023267105;0.002195239663547931;0.0035167909430599983;0.017317193668222274;0.13866018503500852;0.056112863034776264
656.90431;0.03371553941598436;0.0019982103730912535;0.0033384154102489997;0.01843550848915422;0.166489502264785;0.0623126612704315
657.6305;0.03256452996657949;0.0019568084778082296;0.003352377646706398;0.019798905473077964;0.15935021584873216;0.06079120500116897
658.3566900000001;0.03058348265797018;0.00182098624632615;0.003216251617859402;0.021007856639106103;0.19018140071488693;0.06684108068494406
659.08288;0.028187822677786495;0.0017136147072655263;0.0030510919367192253;0.021727767698727106;0.17961229071437482;0.06441952626196264
659.80907;0.026353712945986596;0.001609738186536197;0.002900485244514752;0.023431451620490915;0.19966376991115886;0.06963661848335952
660.5352600000001;0.024966091053824392;0.0015752525346126986;0.0028124718060180028;0.02475719988548585;0.19861066562457558;0.07064660426906681
661.26145;0.02419773511109468;0.00154705967721592;0.0027441499215837923;0.02677633447841644;0.20952635218634866;0.07559098922839119
661.98764;0.02259397546562033;0.0014911519725699385;0.002595756536831591;0.028115663298872048;0.2205835892290071;0.08108498133938029
662.71383;0.021471844005734205;0.0014270918572606226;0.002461035617856025;0.03051060995951742;0.22855366833546573;0.08551291597560302
663.44002;0.019004625503400187;0.0012746338887271022;0.002171625710421056;0.031744023002521646;0.24087976131674863;0.09094847509543334
664.1662100000001;0.01836733849910681;0.0012282108475155605;0.0020752684922218335;0.03380680537912591;0.25669013004170615;0.09657078310576568
664.8924;0.016761582571584954;0.0011245767326591735;0.0018741511780063225;0.03506706292837378;0.2701531177891903;0.10155730235829014
665.61859;0.016194956160024813;0.0010973216469146135;0.001794757456151998;0.0373093206671647;0.28420855669216166;0.10914612015021238
666.34478;0.01505731363516503;0.0010338200212593562;0.001647746263208072;0.03891663864427078;0.29536835991585514;0.11669299333866369
667.07097;0.014421165151290159;0.0010252996235087441;0.001584680434891117;0.040540241388855945;0.2914314058381522;0.12066904108753893
667.7971600000001;0.013537016914660693;0.000995954143489516;0.0014923260388083894;0.04217832454214222;0.29226190700321825;0.1262803691877144
668.52335;0.013525175674667381;0.0010202680261668373;0.001493162404834955;0.04427702000718812;0.2976785618324602;0.13047144301942723
669.24954;0.013163841471652716;0.0009987580441984522;0.0014450016431592323;0.046781859724233765;0.3045912495254797;0.13548677188627975
669.9757300000001;0.01336687639835899;0.0010112409550466464;0.0014568724583404844;0.04854843083023517;0.3100607494231718;0.136993966988745
670.70192;0.012837425940718331;0.0009604554855759912;0.0013849056332770053;0.031606686494511066;0.3200641982755659;0.1403158614760068
671.4281100000001;0.011829469113281104;0.0008743408019706969;0.0012624935528363084;0.03251014082463466;0.34313128031062134;0.14949108410951875
672.1543;0.012048445953126551;0.0008848356555350813;0.0012719033169465612;0.03377181356246977;0.3558593018748871;0.15612205898470063
672.88049;0.01166791005155786;0.0008627206385415641;0.0012261359390710598;0.034758371760741445;0.3437510455918936;0.1547922421331337
673.6066800000001;0.01155410374201479;0.0008747531969697418;0.0012161298481961468;0.03572533973262782;0.3430679148163106;0.15706629042613054
674.33287;0.011171825904650842;0.0008826632997076836;0.0011952882980595764;0.036689549883112314;0.34768545707800197;0.16204806275967473
675.05906;0.010997291290451901;0.0009059624992293942;0.0011952283690072375;0.037412319923416634;0.3380458546612421;0.16251779058004345
675.78525;0.010417964229517244;0.0008908616276385586;0.0011494743786175756;0.03860219717056558;0.3346145645315923;0.16608710222027967
676.51144;0.010385897878220971;0.0009084202109491955;0.001152245048936142;0.04010371098184946;0.3398903003942743;0.17334626197105535
677.2376300000001;0.009683924505692833;0.0008737156536215817;0.001093304196242315;0.04182665347916944;0.3441850556832853;0.1756700945677611
677.96382;0.008869695302713176;0.0008180216420764727;0.0010162397817442778;0.043243997944325645;0.34585201212291006;0.17680336904464777
678.69001;0.008552704877756251;0.0008018640924269722;0.000992808707473695;0.045575019635051665;0.3604997252198242;0.1845842061388272
679.4162;0.008342735772726434;0.0007873259469850835;0.0009731652982261606;0.04628026969789695;0.37371065811501447;0.1920029255084586
680.14239;0.008128003587472794;0.0007737089255961475;0.0009503764148062699;0.053908802134689016;0.38243833359036705;0.19817608807464498
680.8685800000001;0.007992487208448702;0.0007623970161422656;0.0009220285403548341;0.054086951620867074;0.40935381663556747;0.2134841955489419
681.59477;0.007337261485381006;0.0007002131833286354;0.0008295521378291563;0.05431562894069452;0.39713463143909766;0.21247719411250462
682.32096;0.007286628661206652;0.0006975220843031815;0.0008076307908163763;0.05506369367863075;0.4137475618096692;0.2263313066223651
683.0471500000001;0.0070170568102554945;0.0006765551406404508;0.0007651505690566929;0.05612949116695229;0.402239696962586;0.22794276506598307
683.77334;0.0070202359949866665;0.0006764784291219347;0.0007502247290853245;0.05834234561753839;0.43010880217415504;0.2517367148425452
684.49953;0.006817944824904745;0.0006632077846431903;0.0007226863525242192;0.060343988147111116;0.43470795170630905;0.2558992386636887
685.22572;0.006683075418351049;0.0006598411523668348;0.0007074815371412149;0.06289411071787251;0.4434702621090796;0.2628914900179407
685.95191;0.0063527482609025635;0.0006462378843080666;0.0006793693562507795;0.06567869406845399;0.45408079728261946;0.27304819329092944
686.6781000000001;0.005940219084022153;0.0006273504173057325;0.0006410276946646738;0.0694577711213111;0.47852072375943294;0.29274902030556893
687.40429;0.005659814625332476;0.0006335745799073019;0.0006223820587347316;0.07320044730161246;0.47545274127212506;0.3065718142523542
688.13048;0.005366909614479864;0.0006417228949328912;0.0005970015104039259;0.07638527192576551;0.438441937174925;0.2956575695369756
688.85667;0.0048746559264486065;0.0006223375765803715;0.0005446945226966668;0.08079829726922291;0.4453073038606851;0.32489893500727784
689.58286;0.004754397922298033;0.0006468086525624054;0.00053438482133135;0.08433116893913928;0.43383425212262033;0.33872819231096934
690.3090500000001;0.004697727541294538;0.0006728560549649497;0.0005266811042923827;0.0889558506199924;0.43155201200301174;0.3553207096244995
691.03524;0.004457765832298959;0.0006551189408336031;0.000485048173988388;0.09291782390286514;0.4372469183842856;0.38074594016208624
691.76143;0.003992969316925079;0.0005878847550955585;0.0004087384567297825;0.09806449021377688;0.46898660886921995;0.4276205140178803
692.4876200000001;0.0038191228920851825;0.0005613887273369716;0.00036687091553115077;0.1020268338371938;0.48091151713622204;0.4474912461148343
693.21381;0.003597781519946592;0.0005240561322144477;0.0003186997977698405;0.10716310447133778;0.522067447604123;0.53979203951476
693.94;0.003645900342642167;0.0005302982305003202;0.0002992796631082905;0.1129812986369062;0.5688888147553711;0.672495757158485
694.66619;0.003476760742214269;0.0005123029498677155;0.00027028350037416497;0.11836293161775398;0.5857505665450042;0.7385117720433565
695.39238;0.0030965029358721555;0.0004718412233929593;0.0002410977319192877;0.12353809756745321;0.5724306141386044;0.7306529428218503
696.1185700000001;0.0030485550896751238;0.0004771192528483167;0.00023836396178186588;0.12977405314070178;0.5767679930393071;0.7425006876589655
696.84476;0.0028742329106640216;0.00046148963066402387;0.00023213271199511973;0.1361459437892818;0.5735071716956938;0.7178297018830685
697.57095;0.002736547936939566;0.0004504206180762033;0.0002287062115840322;0.14314199871009214;0.593778209536104;0.7275504114322721
698.29714;0.00270036992430442;0.00045492340992133313;0.00022774889925804637;0.14878592385644476;0.6138526749795854;0.7209196251632809
699.02333;0.0025829406417450162;0.0004409898778911728;0.00020911657831360766;0.15742800633850212;0.7039508736700576;1.0066573713296922
699.7495200000001;0.0024437792651479102;0.0004229413963962708;0.00018251866619276255;0.1615096384215563;0.6839077792377193;0.9894472700379265
