Wavelength,Total
"353,509","0,562900390509786"
"353,803","0,555972135696891"
"354,097","0,587300110484386"
"354,391","0,602979883436737"
"354,685","0,592495999051626"
"354,979","0,570461321377364"
"355,272","0,582634175375141"
"355,566","0,557313136052369"
"355,86","0,559554718579022"
"356,154","0,558502132196162"
"356,448","0,591207869625331"
"356,742","0,554590430578774"
"357,036","0,562443127593937"
"357,329","0,569527223840466"
"357,623","0,568679480890158"
"357,917","0,56806349843372"
"358,21","0,571003919860628"
"358,504","0,579736072000442"
"358,798","0,56249796714913"
"359,092","0,567399220596692"
"359,385","0,527289672649591"
"359,679","0,585117205255297"
"359,972","0,569302228484944"
"360,266","0,564324602392078"
"360,56","0,569470101081384"
"360,853","0,570001573894339"
"361,147","0,528066823835461"
"361,44","0,550505913205993"
"361,734","0,581953818827709"
"362,027","0,547667082022983"
"362,321","0,547369423415702"
"362,614","0,552062484744936"
"362,907","0,568168337805395"
"363,201","0,547357860164879"
"363,494","0,551857962428288"
"363,788","0,554061429593104"
"364,081","0,551161525182016"
"364,374","0,565138990385984"
"364,668","0,529262251141469"
"364,961","0,563593721811293"
"365,254","0,547736285214908"
"365,547","0,552486502927535"
"365,841","0,543722132288206"
"366,134","0,52475457436512"
"366,427","0,569646667355974"
"366,72","0,550258940968965"
"367,013","0,564209954276291"
"367,306","0,55626961867791"
"367,6","0,545628258167449"
"367,893","0,576271662500351"
"368,186","0,540739720998532"
"368,479","0,536498838966496"
"368,772","0,527092600080873"
"369,065","0,529089714577706"
"369,358","0,564024533865968"
"369,651","0,570139550524015"
"369,944","0,563984752886793"
"370,237","0,537838759947255"
"370,53","0,538101968609409"
"370,823","0,557100071309722"
"371,116","0,546471471471472"
"371,408","0,564578405616895"
"371,701","0,55352201198863"
"371,994","0,553283836736224"
"372,287","0,560762247020995"
"372,58","0,550291008986357"
"372,873","0,562354469131222"
"373,165","0,547453088113167"
"373,458","0,545644018340976"
"373,751","0,537190695604609"
"374,043","0,544778359314912"
"374,336","0,544868380477138"
"374,629","0,54996909707265"
"374,922","0,548566402495421"
"375,214","0,542715296436441"
"375,507","0,551048549799174"
"375,799","0,551312851530483"
"376,092","0,560100527016636"
"376,384","0,546136610853377"
"376,677","0,546794753371513"
"376,97","0,547174689950041"
"377,262","0,571915807722022"
"377,554","0,52885931943283"
"377,847","0,55999417090187"
"378,139","0,543820888046084"
"378,432","0,553172854666281"
"378,724","0,533725980233666"
"379,017","0,562698512390762"
"379,309","0,551869570142647"
"379,601","0,551228402324985"
"379,894","0,524114164832728"
"380,186","0,525478943370749"
"380,478","0,54719186488224"
"380,771","0,520024067388688"
"381,063","0,520111120729682"
"381,355","0,52069484796398"
"381,647","0,506586496192648"
"381,939","0,525842761990634"
"382,232","0,506001916752277"
"382,524","0,50356264789438"
"382,816","0,500053262483786"
"383,108","0,504780835324082"
"383,4","0,493960731759446"
"383,692","0,501807972800115"
"383,984","0,491254804266761"
"384,276","0,477536540788977"
"384,568","0,478618221237863"
"384,86","0,471217094593718"
"385,152","0,459685459095441"
"385,444","0,474809100825931"
"385,736","0,463285688478596"
"386,028","0,466336428596086"
"386,32","0,468088378698535"
"386,612","0,469915224182541"
"386,904","0,468165291931354"
"387,196","0,458658230765432"
"387,487","0,461004553929542"
"387,779","0,463034388955859"
"388,071","0,470001730354629"
"388,363","0,464459362547179"
"388,655","0,464782810690133"
"388,946","0,464172699978851"
"389,238","0,459884563419455"
"389,53","0,470839981805448"
"389,821","0,470267270877647"
"390,113","0,467231081606687"
"390,405","0,470552520685403"
"390,696","0,473840838530237"
"390,988","0,474269877023619"
"391,279","0,474116410276325"
"391,571","0,482603928222695"
"391,863","0,48210946568196"
"392,154","0,482185018772696"
"392,446","0,482370537261286"
"392,737","0,487722389194044"
"393,029","0,490481268987125"
"393,32","0,491164467477471"
"393,611","0,491034968508393"
"393,903","0,48774844821567"
"394,194","0,491455530449149"
"394,486","0,490169180270183"
"394,777","0,490326342605514"
"395,068","0,493999965507131"
"395,36","0,493585298054324"
"395,651","0,495503209202916"
"395,942","0,500161543811229"
"396,233","0,501176530160525"
"396,525","0,500526344827586"
"396,816","0,501024462843354"
"397,107","0,503304588919695"
"397,398","0,500521391137358"
"397,689","0,499541926537372"
"397,98","0,502260719818278"
"398,272","0,501511503270005"
"398,563","0,503479166441449"
"398,854","0,507150361571306"
"399,145","0,509038427830299"
"399,436","0,510713557051743"
"399,727","0,51351523780286"
"400,018","0,51530432228922"
"400,309","0,515326923607612"
"400,6","0,514576358370626"
"400,891","0,515785104179644"
"401,182","0,515269239203587"
"401,472","0,517477002485132"
"401,763","0,518283295274489"
"402,054","0,517688379205695"
"402,345","0,519858842332184"
"402,636","0,519000497640982"
"402,927","0,515179507249935"
"403,217","0,515338762786243"
"403,508","0,514801831033768"
"403,799","0,515535747215563"
"404,09","0,514261182669832"
"404,38","0,513393538693353"
"404,671","0,517812828512387"
"404,962","0,518353177976187"
"405,252","0,516752867176128"
"405,543","0,517468046964959"
"405,834","0,51505045452019"
"406,124","0,514231752822774"
"406,415","0,51262747871952"
"406,705","0,511408187366445"
"406,996","0,513172896803742"
"407,286","0,514905213517619"
"407,577","0,514872734362849"
"407,867","0,511764805798378"
"408,158","0,510659714782021"
"408,448","0,50931225530811"
"408,739","0,511258962374277"
"409,029","0,512919593086375"
"409,319","0,510621227954086"
"409,61","0,513660188161448"
"409,9","0,514195997664881"
"410,19","0,516772863905323"
"410,481","0,51609720178441"
"410,771","0,515690559671787"
"411,061","0,511049809365039"
"411,351","0,508919240656392"
"411,642","0,506797862635778"
"411,932","0,505727318543093"
"412,222","0,506294694534096"
"412,512","0,505393763146914"
"412,802","0,504388616509408"
"413,092","0,50418492967946"
"413,382","0,502852846455954"
"413,672","0,501989217702949"
"413,962","0,503047550576915"
"414,253","0,50196005824387"
"414,543","0,498932821839363"
"414,833","0,497335254813681"
"415,122","0,498171153632417"
"415,412","0,499614206155377"
"415,702","0,500214907827559"
"415,992","0,501176462888805"
"416,282","0,502065653273397"
"416,572","0,503360337123551"
"416,862","0,500386752935526"
"417,152","0,497554039113783"
"417,442","0,499951027858645"
"417,731","0,498487528084619"
"418,021","0,495718000382048"
"418,311","0,495981759888524"
"418,601","0,495410242820018"
"418,89","0,494223311261581"
"419,18","0,491529649890128"
"419,47","0,491909735991698"
"419,759","0,491853894079464"
"420,049","0,491854197706873"
"420,339","0,492456944307828"
"420,628","0,490960964685191"
"420,918","0,486778001930781"
"421,207","0,484764456057148"
"421,497","0,484796856758062"
"421,786","0,486971221542877"
"422,076","0,488236346752879"
"422,365","0,486490481666121"
"422,655","0,486815823491294"
"422,944","0,486677248023584"
"423,234","0,487674880268869"
"423,523","0,48669723879514"
"423,812","0,486697355960425"
"424,102","0,48511803970219"
"424,391","0,486183138522326"
"424,68","0,484393358201965"
"424,97","0,485191335206966"
"425,259","0,486620374740788"
"425,548","0,486577367464292"
"425,837","0,48484769350226"
"426,127","0,484024103143335"
"426,416","0,485077863104382"
"426,705","0,483667452818545"
"426,994","0,481780652764454"
"427,283","0,480205855821257"
"427,572","0,48101361339021"
"427,861","0,480100559778889"
"428,151","0,481589393091148"
"428,44","0,482010924563484"
"428,729","0,481705255841617"
"429,018","0,480230652843116"
"429,307","0,481961461484708"
"429,596","0,48055934868899"
"429,885","0,480932893783009"
"430,173","0,48169690617019"
"430,462","0,481701200743249"
"430,751","0,480432770093109"
"431,04","0,479146825017116"
"431,329","0,47707738700617"
"431,618","0,477625038613834"
"431,907","0,478000252617948"
"432,195","0,476493854500679"
"432,484","0,477566518844812"
"432,773","0,476334874093481"
"433,062","0,474993071644301"
"433,35","0,475839554865907"
"433,639","0,474152832514707"
"433,928","0,473206200935102"
"434,216","0,473055208019743"
"434,505","0,472137918152503"
"434,794","0,47028985683815"
"435,082","0,472047137753768"
"435,371","0,47162400351698"
"435,659","0,469794159066185"
"435,948","0,470207092704799"
"436,236","0,471359235815441"
"436,525","0,470286609900762"
"436,813","0,46743692038505"
"437,102","0,46570091296344"
"437,39","0,46513330908211"
"437,678","0,466591771914152"
"437,967","0,465747597676227"
"438,255","0,46551900044952"
"438,544","0,466249643478623"
"438,832","0,464267613754742"
"439,12","0,463402748112536"
"439,408","0,462621164665767"
"439,697","0,462550984390003"
"439,985","0,46261620453545"
"440,273","0,463627441086758"
"440,561","0,462756582110961"
"440,85","0,461767351819784"
"441,138","0,461434878245309"
"441,426","0,461222813399991"
"441,714","0,45990990397732"
"442,002","0,457597202925318"
"442,29","0,458869338567971"
"442,578","0,459534058238139"
"442,866","0,459871624425759"
"443,154","0,45883600478698"
"443,442","0,458037950946292"
"443,73","0,456561301201838"
"444,018","0,456927390667131"
"444,306","0,455336880332309"
"444,594","0,454290134842637"
"444,882","0,45334809260969"
"445,17","0,453434879108839"
"445,458","0,454485199963425"
"445,745","0,453401845729548"
"446,033","0,451273551307056"
"446,321","0,451659593458649"
"446,609","0,452139361643622"
"446,896","0,453566872133174"
"447,184","0,45337852757719"
"447,472","0,451799441437814"
"447,76","0,452929610594699"
"448,047","0,451476911127892"
"448,335","0,449352232844931"
"448,622","0,448979480617747"
"448,91","0,449706360006995"
"449,198","0,447409203012311"
"449,485","0,445325423149223"
"449,773","0,446538397849354"
"450,06","0,448840667479914"
"450,348","0,448785366048842"
"450,635","0,446259386408864"
"450,923","0,446680557845074"
"451,21","0,446857117997256"
"451,498","0,4456730720035"
"451,785","0,444413085663915"
"452,072","0,443907919303298"
"452,36","0,443070378206473"
"452,647","0,441793027519715"
"452,934","0,439366579884172"
"453,222","0,43897654741502"
"453,509","0,440848129600919"
"453,796","0,441913555148301"
"454,083","0,439113971842428"
"454,37","0,438838294113189"
"454,658","0,437773179845157"
"454,945","0,436812913793671"
"455,232","0,436745858503317"
"455,519","0,438334092129629"
"455,806","0,437702483579235"
"456,093","0,436958453753339"
"456,38","0,4361877992512"
"456,667","0,43444321310203"
"456,954","0,433170735867508"
"457,241","0,431075813888331"
"457,528","0,430283022696852"
"457,815","0,429622938574848"
"458,102","0,429552694720066"
"458,389","0,429560910510494"
"458,676","0,430346937900674"
"458,963","0,429371207334536"
"459,25","0,427117431698193"
"459,537","0,428020559836545"
"459,823","0,425533739554641"
"460,11","0,42244004500059"
"460,397","0,422035929139509"
"460,684","0,422868386277728"
"460,97","0,422252002120776"
"461,257","0,423081036232893"
"461,544","0,422222902384868"
"461,83","0,422844584904779"
"462,117","0,423282709764241"
"462,404","0,421501898751198"
"462,69","0,420826270036926"
"462,977","0,421731434975222"
"463,263","0,420997437918875"
"463,55","0,420053180986896"
"463,837","0,419420716109165"
"464,123","0,417710440530242"
"464,409","0,416912407151096"
"464,696","0,417053969795948"
"464,982","0,418427798128313"
"465,269","0,417116450467593"
"465,555","0,416576904594036"
"465,842","0,414597651915051"
"466,128","0,414036727325042"
"466,414","0,412600957375488"
"466,7","0,412489277559173"
"466,987","0,412102532593381"
"467,273","0,411004054676127"
"467,559","0,408491592780817"
"467,845","0,408382207772981"
"468,132","0,409292175686234"
"468,418","0,408239828550482"
"468,704","0,40720744149658"
"468,99","0,407605521664684"
"469,276","0,407179631688654"
"469,562","0,406723508879231"
"469,848","0,406261168138465"
"470,134","0,40494217109897"
"470,421","0,405687975096307"
"470,707","0,406063880460302"
"470,993","0,404708828169034"
"471,278","0,403874735865664"
"471,564","0,402040005069891"
"471,85","0,402598972723125"
"472,136","0,402623999211198"
"472,422","0,401121161809174"
"472,708","0,402502100251156"
"472,994","0,402831256753918"
"473,28","0,402795588759495"
"473,565","0,40269707253947"
"473,851","0,401566249035171"
"474,137","0,401198567801415"
"474,423","0,398643585626035"
"474,708","0,398673340426817"
"474,994","0,400857995549794"
"475,28","0,400862352149145"
"475,565","0,400899774307327"
"475,851","0,399466652957105"
"476,137","0,398440635248691"
"476,422","0,399011251466037"
"476,708","0,399680587793361"
"476,993","0,399925836706327"
"477,279","0,400391764845974"
"477,564","0,401930206517385"
"477,85","0,401711131741496"
"478,135","0,401261344432473"
"478,421","0,399905270161636"
"478,706","0,399627170395142"
"478,991","0,397701150707394"
"479,277","0,397381748687032"
"479,562","0,397443945419514"
"479,848","0,39747393883364"
"480,133","0,397339737513165"
"480,418","0,399340788883589"
"480,703","0,397538422083088"
"480,989","0,396274336783273"
"481,274","0,397154717452008"
"481,559","0,398312906036868"
"481,844","0,39703499964887"
"482,129","0,395009391396907"
"482,414","0,394023192620432"
"482,7","0,394998812937139"
"482,985","0,394107460285722"
"483,27","0,393564402928982"
"483,555","0,394041676417603"
"483,84","0,393512199697254"
"484,125","0,391630450328839"
"484,41","0,395782840321055"
"484,695","0,394539210290739"
"484,98","0,395134397755809"
"485,265","0,395876515444726"
"485,549","0,39440174370476"
"485,834","0,394395449646701"
"486,119","0,394263406048143"
"486,404","0,393144469606086"
"486,689","0,393924363553073"
"486,974","0,395001070886955"
"487,258","0,393126049734913"
"487,543","0,393396290887971"
"487,828","0,391760019555737"
"488,113","0,391424339016731"
"488,397","0,389376989052119"
"488,682","0,388052929097256"
"488,967","0,388111842952042"
"489,251","0,391086985262743"
"489,536","0,391785353897469"
"489,82","0,390014579332748"
"490,105","0,390144392647841"
"490,389","0,388935713869777"
"490,674","0,390082620298724"
"490,958","0,388127394783909"
"491,243","0,389089665151721"
"491,527","0,389999125808562"
"491,812","0,389500850898211"
"492,096","0,390111452543257"
"492,38","0,387631930393009"
"492,665","0,388334100208902"
"492,949","0,388803149382528"
"493,233","0,38941694384079"
"493,518","0,388086643321613"
"493,802","0,386257297243196"
"494,086","0,386159223993361"
"494,371","0,386854980718455"
"494,655","0,386734638747562"
"494,939","0,387275708367826"
"495,223","0,387233643823495"
"495,507","0,387550705515435"
"495,791","0,388489812686575"
"496,075","0,388597044760721"
"496,359","0,387570390163379"
"496,644","0,38776361429906"
"496,928","0,387431956182945"
"497,212","0,387607670976358"
"497,496","0,387411811007886"
"497,779","0,385550073157737"
"498,063","0,386090895494673"
"498,347","0,385123959160393"
"498,631","0,384631198647193"
"498,915","0,387082470092359"
"499,199","0,389238045373625"
"499,483","0,387723477070717"
"499,767","0,386563082144799"
"500,05","0,386791599518596"
"500,334","0,385889856615145"
"500,618","0,386324258395423"
"500,902","0,385897955353209"
"501,185","0,385559980605373"
"501,469","0,385910963884561"
"501,753","0,384090160944528"
"502,036","0,384479850059499"
"502,32","0,384158586379422"
"502,603","0,383782627353911"
"502,887","0,382644329608184"
"503,171","0,382859706873796"
"503,454","0,384359963202883"
"503,738","0,383428529717515"
"504,021","0,382754833604028"
"504,305","0,382382807829991"
"504,588","0,380867630864075"
"504,871","0,381125149850488"
"505,155","0,380148050464403"
"505,438","0,380265051903578"
"505,722","0,382021119779577"
"506,005","0,381612213367882"
"506,288","0,381617866452253"
"506,571","0,381209836861872"
"506,855","0,382593103458106"
"507,138","0,381940892493265"
"507,421","0,380988578111534"
"507,704","0,382894856479561"
"507,987","0,381800419083865"
"508,271","0,382264314158079"
"508,554","0,382964769488368"
"508,837","0,382964086233297"
"509,12","0,380491897091578"
"509,403","0,380712811929367"
"509,686","0,381754512225237"
"509,969","0,380324120646404"
"510,252","0,379184572726519"
"510,535","0,382367215072105"
"510,818","0,384398399854081"
"511,101","0,381631636486141"
"511,384","0,381387265467308"
"511,667","0,385168156416274"
"511,95","0,386840377817491"
"512,232","0,384653323793031"
"512,515","0,382294987871376"
"512,798","0,381182002531992"
"513,081","0,38025386239361"
"513,364","0,38162376213477"
"513,646","0,380849524811715"
"513,929","0,383775177581947"
"514,212","0,384547931391052"
"514,494","0,385321408293694"
"514,777","0,386243923434433"
"515,06","0,38549662357294"
"515,342","0,385276182156107"
"515,625","0,385358841780084"
"515,907","0,383969544712264"
"516,19","0,384454915729459"
"516,472","0,387235730400446"
"516,755","0,387001057523923"
"517,037","0,386080294874407"
"517,32","0,385898128749817"
"517,602","0,386968101700617"
"517,884","0,386547587244954"
"518,167","0,388020792643086"
"518,449","0,388956077980029"
"518,732","0,389065626990769"
"519,014","0,389666862043977"
"519,296","0,389533140261673"
"519,578","0,390711912519493"
"519,861","0,389745035587093"
"520,143","0,388624958217357"
"520,425","0,386328502819724"
"520,707","0,38618586228598"
"520,989","0,385182245929269"
"521,271","0,385450069615754"
"521,554","0,38552940827072"
"521,836","0,38421020005579"
"522,118","0,382821297522511"
"522,4","0,381078598481561"
"522,682","0,381568821107704"
"522,964","0,38146118374943"
"523,246","0,382986166649978"
"523,528","0,383426235347186"
"523,81","0,383108216493291"
"524,091","0,384381576805138"
"524,373","0,382223793849947"
"524,655","0,382202353692016"
"524,937","0,385385708403716"
"525,219","0,383732755456701"
"525,501","0,38564882026435"
"525,782","0,385495245206289"
"526,064","0,384458519268852"
"526,346","0,385573110383739"
"526,628","0,388520024933477"
"526,909","0,388916619493944"
"527,191","0,38998633632282"
"527,472","0,390172498669834"
"527,754","0,39037687250241"
"528,036","0,388089927578902"
"528,317","0,388028915560581"
"528,599","0,390742646304304"
"528,88","0,391225015189815"
"529,162","0,392259583075909"
"529,443","0,394069829387978"
"529,725","0,393648693210043"
"530,006","0,393868956379535"
"530,288","0,392768146620437"
"530,569","0,392417398531743"
"530,85","0,391230776497283"
"531,132","0,390319596496536"
"531,413","0,391545297158367"
"531,694","0,392082727027002"
"531,975","0,391911016357041"
"532,257","0,391088201052843"
"532,538","0,392845384418502"
"532,819","0,390717251022749"
"533,1","0,390838934079641"
"533,381","0,393814433170969"
"533,663","0,395941906911672"
"533,944","0,397267552580055"
"534,225","0,396224819893327"
"534,506","0,394666203602137"
"534,787","0,398244399070938"
"535,068","0,399489438223574"
"535,349","0,399682493329791"
"535,63","0,398704621688407"
"535,911","0,399741257339861"
"536,192","0,398175763655563"
"536,473","0,398491741790209"
"536,754","0,398305756354368"
"537,034","0,402092650135535"
"537,315","0,400190517392649"
"537,596","0,396997822545917"
"537,877","0,396152008225667"
"538,158","0,393204119026838"
"538,438","0,393942951335959"
"538,719","0,397961470233226"
539,"0,397658832035616"
"539,28","0,399598171560186"
"539,561","0,400082682513185"
"539,842","0,402330964196998"
"540,122","0,402742266902306"
"540,403","0,397791374222558"
"540,683","0,401434548980077"
"540,964","0,403349532577154"
"541,245","0,403310017668542"
"541,525","0,405805039947524"
"541,805","0,40767006287953"
"542,086","0,406867356340274"
"542,366","0,408741984292378"
"542,647","0,40895694954653"
"542,927","0,406030295836187"
"543,207","0,407325840810227"
"543,488","0,411025472202556"
"543,768","0,410812102934937"
"544,048","0,408824644732832"
"544,329","0,40877365117146"
"544,609","0,413269087215993"
"544,889","0,4112615547211"
"545,169","0,411742530872267"
"545,449","0,412200992369678"
"545,73","0,410555283105884"
"546,01","0,410745094770155"
"546,29","0,414106667106031"
"546,57","0,415450599816782"
"546,85","0,415484795846526"
"547,13","0,414752334391838"
"547,41","0,41363898879375"
"547,69","0,416552861503741"
"547,97","0,41930795706242"
"548,25","0,417759921989878"
"548,53","0,419066414473246"
"548,81","0,420895590764759"
"549,09","0,421193686119116"
"549,369","0,421779463445216"
"549,649","0,422877882247763"
"549,929","0,422416780274885"
"550,209","0,42161220303459"
"550,489","0,423032371730566"
"550,768","0,426674127987"
"551,048","0,428261184652599"
"551,328","0,42894612767466"
"551,607","0,426608915386921"
"551,887","0,425455347338433"
"552,167","0,426825792086928"
"552,446","0,426826665899429"
"552,726","0,42853650699057"
"553,005","0,427099001758496"
"553,285","0,428694150225951"
"553,564","0,430167163790697"
"553,844","0,430820336795253"
"554,123","0,435152975439148"
"554,403","0,433892258074719"
"554,682","0,434660145311731"
"554,962","0,434417597319258"
"555,241","0,434678845121834"
"555,52","0,433360837175175"
"555,8","0,434442968205264"
"556,079","0,433799596575259"
"556,358","0,430623982096732"
"556,637","0,431135315932632"
"556,917","0,431793013517294"
"557,196","0,432218984318646"
"557,475","0,434167429970377"
"557,754","0,436741367241556"
"558,033","0,434201622895922"
"558,312","0,432098593835603"
"558,591","0,436057219964082"
"558,87","0,43887269606832"
"559,149","0,440170377065021"
"559,428","0,44106019445175"
"559,707","0,440036490559234"
"559,986","0,43763178875055"
"560,265","0,436606799452586"
"560,544","0,435970137282838"
"560,823","0,438750757919442"
"561,102","0,440203268523498"
"561,381","0,444306483235166"
"561,66","0,443958449813479"
"561,939","0,44184647743878"
"562,217","0,441134066283944"
"562,496","0,44451540825438"
"562,775","0,442105601907082"
"563,053","0,440553143693256"
"563,332","0,445737718155878"
"563,611","0,449318844093711"
"563,889","0,450067845862131"
"564,168","0,44654418216117"
"564,447","0,447598920485654"
"564,725","0,44878358640837"
"565,004","0,448060292848892"
"565,282","0,452351310191487"
"565,561","0,4530862188996"
"565,839","0,452962652167071"
"566,118","0,453153772674592"
"566,396","0,455245821318013"
"566,675","0,456586067165757"
"566,953","0,454370904847485"
"567,231","0,455193377361515"
"567,51","0,458518687262124"
"567,788","0,455430243793978"
"568,066","0,455495645562796"
"568,344","0,455429538692564"
"568,623","0,457991447267826"
"568,901","0,459401338307545"
"569,179","0,45696823807721"
"569,457","0,456859967309686"
"569,735","0,462015934203058"
"570,014","0,460843888501894"
"570,292","0,459412850338355"
"570,57","0,466128430770585"
"570,848","0,471114447316994"
"571,126","0,470504174380936"
"571,404","0,466467930112603"
"571,682","0,46964464100065"
"571,96","0,468895597945931"
"572,238","0,471079582034066"
"572,516","0,468103776957702"
"572,793","0,467336282313993"
"573,071","0,464786892281148"
"573,349","0,466276651780892"
"573,627","0,46795048844975"
"573,905","0,471192948028658"
"574,182","0,474899319880174"
"574,46","0,475720229494918"
"574,738","0,474223846932144"
"575,016","0,473247226729468"
"575,293","0,476956961121671"
"575,571","0,476951167554021"
"575,849","0,475062193270178"
"576,126","0,473631218776216"
"576,404","0,474570272419511"
"576,681","0,477437151619746"
"576,959","0,475440050826813"
"577,236","0,473541133196828"
"577,514","0,472589760439549"
"577,791","0,469766560378279"
"578,069","0,477334261009904"
"578,346","0,481570564108005"
"578,623","0,480936468317722"
"578,901","0,483038216535261"
"579,178","0,484190556661667"
"579,455","0,482950412470353"
"579,733","0,485581572822814"
"580,01","0,487275127610837"
"580,287","0,48901326544987"
"580,564","0,48755198716931"
"580,842","0,486662910439268"
"581,119","0,490557796755875"
"581,396","0,489167024156078"
"581,673","0,4836297701399"
"581,95","0,483129937380787"
"582,227","0,478548351856684"
"582,504","0,481566541685902"
"582,781","0,486204456224335"
"583,058","0,494699798675179"
"583,335","0,495813913156028"
"583,612","0,491326755636978"
"583,889","0,487633414856269"
"584,166","0,487539284053333"
"584,443","0,48827036768166"
"584,72","0,488624435866963"
"584,997","0,49064708769481"
"585,273","0,490227892590385"
"585,55","0,490016326097515"
"585,827","0,494537452274186"
"586,104","0,498480238477332"
"586,38","0,49723977980181"
"586,657","0,49981804149806"
"586,934","0,499138387827599"
"587,21","0,50117990759425"
"587,487","0,500698519887567"
"587,764","0,494769581978292"
"588,04","0,496248675840228"
"588,317","0,49791324056766"
"588,593","0,500406564474443"
"588,87","0,507769271524826"
"589,146","0,509199550232726"
"589,423","0,506193559254222"
"589,699","0,509676491447969"
"589,975","0,508401163318599"
"590,252","0,50297228792653"
"590,528","0,501010744038424"
"590,805","0,505402134163986"
"591,081","0,508909867672347"
"591,357","0,513857422803604"
"591,633","0,509927369367165"
"591,91","0,509260407428734"
"592,186","0,510321466984393"
"592,462","0,517957649868259"
"592,738","0,518248128019907"
"593,014","0,516868988940472"
"593,29","0,512293450399611"
"593,566","0,510157427181699"
"593,843","0,511904177788103"
"594,119","0,516077932554289"
"594,395","0,518454620257442"
"594,671","0,521109768476477"
"594,947","0,521885743401969"
"595,222","0,519850270553617"
"595,498","0,519808598992365"
"595,774","0,527139549744985"
"596,05","0,52340251538263"
"596,326","0,516098407092545"
"596,602","0,516959717184298"
"596,878","0,519501636388302"
"597,153","0,523677505954921"
"597,429","0,523650932130062"
"597,705","0,521155849200861"
"597,981","0,518413686229235"
"598,256","0,515438519977286"
"598,532","0,515317929323741"
"598,808","0,519767063020929"
"599,083","0,522403711878271"
"599,359","0,528854367532047"
"599,634","0,532032375787513"
"599,91","0,528691192454037"
"600,185","0,528504184366661"
"600,461","0,532035076462956"
"600,736","0,533420135197907"
"601,012","0,531252782136609"
"601,287","0,533851691040546"
"601,562","0,5326092003142"
"601,838","0,526966395199471"
"602,113","0,522993385083841"
"602,388","0,525591898417933"
"602,664","0,530543383138008"
"602,939","0,527397426686243"
"603,214","0,527889644367254"
"603,489","0,531429366127927"
"603,765","0,538752809737384"
"604,04","0,533465272119095"
"604,315","0,530278184201427"
"604,59","0,532226557595093"
"604,865","0,53448947788744"
"605,14","0,539320992990435"
"605,415","0,537658341785473"
"605,69","0,538461423379993"
"605,965","0,539646488397761"
"606,24","0,534751489167267"
"606,515","0,533057139177684"
"606,79","0,537501815705363"
"607,065","0,541663749034535"
"607,34","0,543311193047545"
"607,615","0,540191679798468"
"607,889","0,535044269391145"
"608,164","0,528677289854859"
"608,439","0,532328615240635"
"608,714","0,539646880922342"
"608,988","0,54892077513852"
"609,263","0,546734319939299"
"609,538","0,549678665066227"
"609,812","0,54366523174937"
"610,087","0,540933361728438"
"610,362","0,544444819193151"
"610,636","0,550687389982518"
"610,911","0,552451579279846"
"611,185","0,554173351574417"
"611,46","0,555991206436703"
"611,734","0,561598993694517"
"612,009","0,560941647554906"
"612,283","0,566252511327161"
"612,558","0,567896943625396"
"612,832","0,563538877275735"
"613,106","0,553877274609696"
"613,381","0,550733878524471"
"613,655","0,554194488199662"
"613,929","0,556182509337856"
"614,203","0,558738220159489"
"614,478","0,563296573795485"
"614,752","0,556922575715613"
"615,026","0,557808782813354"
"615,3","0,559471428841268"
"615,574","0,561619876393197"
"615,848","0,562641330660131"
"616,122","0,558061157512797"
"616,397","0,557036396612809"
"616,671","0,562443247683804"
"616,945","0,561187064277594"
"617,219","0,560719117309691"
"617,493","0,565260257198728"
"617,766","0,566204024285029"
"618,04","0,569466817691935"
"618,314","0,564030582029809"
"618,588","0,560472366074108"
"618,862","0,564961109087062"
"619,136","0,567448739218325"
"619,409","0,570380868680216"
"619,683","0,564546793069374"
"619,957","0,56783752203238"
"620,231","0,572037338467195"
"620,504","0,570763990411918"
"620,778","0,575531167026823"
"621,052","0,574011735754866"
"621,325","0,566394492425508"
"621,599","0,558943183843098"
"621,872","0,562737493752951"
"622,146","0,568944259662805"
"622,419","0,56845357818718"
"622,693","0,566039361905659"
"622,966","0,567476775030988"
"623,24","0,573200525192113"
"623,513","0,572744036864277"
"623,787","0,567017772641612"
"624,06","0,567745137951275"
"624,333","0,572455557121754"
"624,607","0,573213527802964"
"624,88","0,576644252946636"
"625,153","0,579133112377141"
"625,426","0,581935567400111"
"625,7","0,578136357192259"
"625,973","0,57142705271409"
"626,246","0,573841606106182"
"626,519","0,5709631422637"
"626,792","0,567889293102075"
"627,065","0,565974679057339"
"627,338","0,570284089625512"
"627,611","0,572668989760265"
"627,884","0,567936997575986"
"628,157","0,565018414714989"
"628,43","0,562978863920733"
"628,703","0,563506906320281"
"628,976","0,565850812917803"
"629,249","0,57006443444298"
"629,522","0,569019881613633"
"629,795","0,566718467557141"
"630,067","0,567315296348729"
"630,34","0,566788355682549"
"630,613","0,568078372314408"
"630,886","0,566651310477057"
"631,158","0,563862214556449"
"631,431","0,567444922332515"
"631,704","0,56791270863576"
"631,976","0,569006036751071"
"632,249","0,57190066626413"
"632,522","0,581417441452601"
"632,794","0,583571854520373"
"633,067","0,579122196522063"
"633,339","0,579806260087021"
"633,612","0,581818553230276"
"633,884","0,579742462142702"
"634,157","0,575776687034134"
"634,429","0,579823492801975"
"634,701","0,588156216459787"
"634,974","0,59000135132779"
"635,246","0,594644241722224"
"635,518","0,598660627053757"
"635,791","0,601900076045311"
"636,063","0,599731083886905"
"636,335","0,593638795365269"
"636,607","0,589828647727338"
"636,879","0,597435146655654"
"637,152","0,594232700241319"
"637,424","0,600131838217444"
"637,696","0,595116177925215"
"637,968","0,595372482767642"
"638,24","0,599952705299118"
"638,512","0,598151507218399"
"638,784","0,594205258538031"
"639,056","0,595595959245254"
"639,328","0,595381335002225"
"639,6","0,597611250355357"
"639,872","0,60204928349162"
"640,144","0,591070678841737"
"640,415","0,585113515759128"
"640,687","0,595532270273139"
"640,959","0,599645027803347"
"641,231","0,601868333646922"
"641,503","0,610335651300758"
"641,774","0,61108409853233"
"642,046","0,601883464945075"
"642,318","0,598966360993534"
"642,589","0,59834380738359"
"642,861","0,593549510525118"
"643,132","0,592242604866537"
"643,404","0,596292039454662"
"643,676","0,598017583457368"
"643,947","0,606462214778055"
"644,219","0,60700073022411"
"644,49","0,606551160848336"
"644,762","0,608943203383949"
"645,033","0,612388381714831"
"645,304","0,601896867234032"
"645,576","0,598239869979024"
"645,847","0,602790318232294"
"646,118","0,598816015443131"
"646,39","0,606285700410026"
"646,661","0,609132806754446"
"646,932","0,605356043474342"
"647,203","0,605817363825178"
"647,475","0,602205282161204"
"647,746","0,600622049075394"
"648,017","0,60417112961757"
"648,288","0,607219788065219"
"648,559","0,597859882065839"
"648,83","0,602785748267105"
"649,101","0,615792081034591"
"649,372","0,616500584246075"
"649,643","0,606059013729896"
"649,914","0,605736799349505"
"650,185","0,608329893061631"
"650,456","0,603719465997245"
"650,727","0,60619229554164"
"650,998","0,606704425536054"
"651,268","0,602408018277067"
"651,539","0,602948022177801"
"651,81","0,60592636533331"
"652,081","0,602415208128797"
"652,351","0,600831717151818"
"652,622","0,60923859517592"
"652,893","0,6079185347834"
"653,163","0,610046979589233"
"653,434","0,602070660137882"
"653,705","0,604747025575918"
"653,975","0,617196220037986"
"654,246","0,617187092123811"
"654,516","0,611164035338025"
"654,787","0,612071621804603"
"655,057","0,615005563769363"
"655,328","0,618158080379022"
"655,598","0,612226549533457"
"655,869","0,6067736708994"
"656,139","0,611591606062766"
"656,409","0,609016161895602"
"656,68","0,609240557428687"
"656,95","0,608829399312002"
"657,22","0,611503230336792"
"657,49","0,605116667797205"
"657,761","0,598607093945385"
"658,031","0,606999962198026"
"658,301","0,608692591867495"
"658,571","0,608106858348498"
"658,841","0,613281512206685"
"659,111","0,617737491505338"
"659,381","0,628794724997141"
"659,651","0,62692063541206"
"659,921","0,608675793644007"
"660,191","0,608910291702963"
"660,461","0,617821485142774"
"660,731","0,61202658455926"
"661,001","0,610878645409682"
"661,271","0,621547225216683"
"661,541","0,613003519294514"
"661,811","0,602679770301061"
"662,08","0,604537488455829"
"662,35","0,616340916964037"
"662,62","0,626400634658107"
"662,89","0,620308507517092"
"663,159","0,619647873425657"
"663,429","0,624332965739568"
"663,699","0,626008560032739"
"663,968","0,627232504997295"
"664,238","0,625186347639548"
"664,507","0,62404199945452"
"664,777","0,623285218122409"
"665,046","0,615010025325279"
"665,316","0,611363031582186"
"665,585","0,622797289600668"
"665,855","0,626348321181038"
"666,124","0,617073592279689"
"666,394","0,621363247359237"
"666,663","0,627376535466642"
"666,932","0,624518305006105"
"667,201","0,622890682947902"
"667,471","0,617747620837838"
"667,74","0,615860170896501"
"668,009","0,618540062292133"
"668,278","0,627710617263846"
"668,548","0,630515685372031"
"668,817","0,627562860096806"
"669,086","0,628396941760415"
"669,355","0,62404252892017"
"669,624","0,623285532630036"
"669,893","0,627192763278608"
"670,162","0,627785377691945"
"670,431","0,624229658619341"
"670,7","0,629169095834882"
"670,969","0,639871589303759"
"671,238","0,637261610093489"
"671,507","0,631054035209273"
"671,776","0,623799221143923"
"672,044","0,617689173956531"
"672,313","0,618620804820385"
"672,582","0,625529605208609"
"672,851","0,62779326939475"
"673,119","0,629891598526669"
"673,388","0,630641247901128"
"673,657","0,631845212733323"
"673,926","0,629129196454163"
"674,194","0,621673002331487"
"674,463","0,618460826405623"
"674,731","0,628334770820926"
675,"0,636160463301638"
"675,268","0,637573255462157"
"675,537","0,626940231947619"
"675,805","0,627598296030519"
"676,074","0,620021125343639"
"676,342","0,628657416200944"
"676,611","0,629053342356313"
"676,879","0,627856845082789"
"677,147","0,635658889284138"
"677,416","0,631529672889238"
"677,684","0,629726922621728"
"677,952","0,62861429061219"
"678,22","0,624928534420832"
"678,488","0,626357310751764"
"678,757","0,621689684600848"
"679,025","0,618422778804584"
"679,293","0,63088217175286"
"679,561","0,638058230098315"
"679,829","0,621312296441431"
"680,097","0,613728775756467"
"680,365","0,619074132519465"
"680,633","0,627955331968075"
"680,901","0,622537713762381"
"681,169","0,62578578391586"
"681,437","0,627401435992013"
"681,705","0,625474365481769"
"681,973","0,625292862369592"
"682,241","0,631531780161754"
"682,508","0,638701893408907"
"682,776","0,635803051568157"
"683,044","0,634969706296252"
"683,312","0,642312431815452"
"683,579","0,636558142900591"
"683,847","0,631993922304379"
"684,115","0,632061976032294"
"684,382","0,63168249793245"
"684,65","0,624760158364998"
"684,917","0,622317103519321"
"685,185","0,621940067279619"
"685,452","0,631191736725378"
"685,72","0,633958480597933"
"685,987","0,641404741702498"
"686,255","0,649172429780136"
"686,522","0,645726512602648"
"686,79","0,637307573010459"
"687,057","0,625128883659981"
"687,324","0,62903870134345"
"687,592","0,63273235958747"
"687,859","0,632830098566357"
"688,126","0,640851909226497"
"688,393","0,63850918818079"
"688,661","0,632897837328817"
"688,928","0,634799159092429"
"689,195","0,627198130831645"
"689,462","0,628036649374922"
"689,729","0,637922111149549"
"689,996","0,641318455793856"
"690,263","0,640698527407926"
"690,53","0,641307825711814"
"690,797","0,63188577852221"
"691,064","0,627620786416434"
"691,331","0,627854381242453"
"691,598","0,629431214335039"
"691,865","0,635867649734865"
"692,132","0,637218830701755"
"692,398","0,619492086017009"
"692,665","0,61658339657311"
"692,932","0,62735266750073"
"693,199","0,627966242038983"
"693,465","0,637061798858635"
"693,732","0,640816335100757"
"693,999","0,638713502410794"
"694,265","0,640932068206843"
"694,532","0,642415089986782"
"694,799","0,651806286912782"
"695,065","0,650646137630213"
"695,332","0,638716493674238"
"695,598","0,637319462218616"
"695,865","0,639917828361128"
"696,131","0,633341292714483"
"696,398","0,630840715023972"
"696,664","0,635185244610928"
"696,93","0,641513725086437"
"697,197","0,640444211147873"
"697,463","0,644112980206271"
"697,729","0,653295978271293"
"697,995","0,644274507842832"
"698,262","0,638292264939696"
"698,528","0,637452409559696"
"698,794","0,636467088408035"
"699,06","0,643247372174828"
"699,326","0,656707870914775"
"699,592","0,654569751170878"
"699,859","0,644285711276565"
"700,125","0,639392039817162"
"700,391","0,645056120266087"
"700,657","0,642260662041512"
"700,923","0,637441626630402"
"701,189","0,649256747272137"
"701,454","0,64851918224101"
"701,72","0,6434761599323"
"701,986","0,638621003899543"
"702,252","0,644091481086281"
"702,518","0,643744328926078"
"702,784","0,634365322800259"
"703,049","0,632647512680681"
"703,315","0,628418248273587"
"703,581","0,634854153525091"
"703,846","0,640462601533311"
"704,112","0,635024597395351"
"704,378","0,629542510624625"
"704,643","0,621223383358844"
"704,909","0,631785256221814"
"705,174","0,639002185660515"
"705,44","0,633670944390389"
"705,705","0,635227582354642"
"705,971","0,636848537831593"
"706,236","0,633564952833628"
"706,502","0,633267948783305"
"706,767","0,637111249452619"
"707,032","0,634319919628622"
"707,298","0,628983102199395"
"707,563","0,622447100388339"
"707,828","0,632878909187138"
"708,093","0,643386705407641"
"708,359","0,631927175130844"
"708,624","0,622104135516906"
"708,889","0,618347055312546"
"709,154","0,622678058021304"
"709,419","0,637214056771686"
"709,684","0,640264485472922"
"709,949","0,649992317874476"
"710,214","0,643222323165631"
"710,479","0,637522310335256"
"710,744","0,646329006281494"
"711,009","0,636290658872315"
"711,274","0,6291352918916"
"711,539","0,630595962584632"
"711,804","0,640009808657115"
"712,069","0,644567727401841"
"712,333","0,647633160241882"
"712,598","0,650481150309764"
"712,863","0,648930214313732"
"713,128","0,641341500541718"
"713,392","0,627110898912261"
"713,657","0,635116774333432"
"713,922","0,634772162592456"
"714,186","0,62280568275527"
"714,451","0,620578516838558"
"714,715","0,620668557728885"
"714,98","0,62993106870679"
"715,244","0,634110087965383"
"715,509","0,632053264444866"
"715,773","0,635875800668735"
"716,038","0,64229640041324"
"716,302","0,635671926147189"
"716,567","0,629483100603956"
"716,831","0,630979341311687"
"717,095","0,639210493200105"
"717,359","0,644181552507137"
"717,624","0,638266797395294"
"717,888","0,643529389488412"
"718,152","0,642855458222079"
"718,416","0,634033164701327"
"718,68","0,636767380440201"
"718,945","0,632359547901972"
"719,209","0,630020948581072"
"719,473","0,634159622257195"
"719,737","0,641657267156549"
"720,001","0,636206635486607"
"720,265","0,621778024021494"
"720,529","0,612090136228195"
"720,793","0,610330053911549"
"721,056","0,613519915859354"
"721,32","0,61486967877651"
"721,584","0,630384533000946"
"721,848","0,635494659214485"
"722,112","0,623272412695165"
"722,376","0,622460521748173"
"722,639","0,631085220786342"
"722,903","0,626915612017388"
"723,167","0,624985998759325"
"723,43","0,63284609295239"
"723,694","0,629679460752446"
"723,958","0,626179914243116"
"724,221","0,627978480164588"
"724,485","0,636676808931694"
"724,748","0,635512436118298"
"725,012","0,629511480175699"
"725,275","0,630957811190274"
"725,539","0,627392532179188"
"725,802","0,623233561039545"
"726,065","0,621373266333719"
"726,329","0,618666702617495"
"726,592","0,622992724774564"
"726,855","0,628292648932063"
"727,119","0,619730105644773"
"727,382","0,609186827370438"
"727,645","0,612764350921173"
"727,908","0,615945162980274"
"728,171","0,630399033294266"
"728,434","0,633828784136843"
"728,698","0,625087961524743"
"728,961","0,631929292726994"
"729,224","0,639063821722187"
"729,487","0,637969263240934"
"729,75","0,626340044389117"
"730,013","0,615591739762823"
"730,276","0,620073141289066"
"730,538","0,630839416014722"
"730,801","0,634153109419942"
"731,064","0,626613485336509"
"731,327","0,628598499907238"
"731,59","0,629192139735352"
"731,853","0,631553854549353"
"732,115","0,633855150326802"
"732,378","0,629995793219248"
"732,641","0,626050426753671"
"732,903","0,634752462399954"
"733,166","0,622982548465049"
"733,429","0,62085920270568"
"733,691","0,623465638975275"
"733,954","0,614050335050548"
"734,216","0,614249111779175"
"734,479","0,627102218485443"
"734,741","0,635288709365163"
"735,004","0,636196747869428"
"735,266","0,62724411063901"
"735,528","0,616621167720093"
"735,791","0,627868835834716"
"736,053","0,645870924410239"
"736,315","0,653839026428815"
"736,578","0,655066107151945"
"736,84","0,643465171292607"
"737,102","0,638641360719319"
"737,364","0,629200367743305"
"737,626","0,618333944664595"
"737,889","0,617285694574522"
"738,151","0,635914663260822"
"738,413","0,641283479367845"
"738,675","0,632764640238855"
"738,937","0,635373087096879"
"739,199","0,642326481076778"
"739,461","0,633735423995991"
"739,723","0,618374046983408"
"739,985","0,619958319701359"
"740,246","0,627880057809816"
"740,508","0,609964306304125"
"740,77","0,609168675295227"
"741,032","0,604511060611694"
"741,294","0,60930871890287"
"741,555","0,628721800213706"
"741,817","0,62114641138904"
"742,079","0,609637781887915"
"742,34","0,614477895762573"
"742,602","0,625117306041986"
"742,864","0,618966785698808"
"743,125","0,610250335382812"
"743,387","0,611318056587008"
"743,648","0,632241228459412"
"743,91","0,633183951129971"
"744,171","0,625345146852317"
"744,433","0,625467569753705"
"744,694","0,627203127291617"
"744,955","0,62466216632296"
"745,217","0,619986529552"
"745,478","0,617734473382259"
"745,739","0,608310979841726"
"746,001","0,608501913776382"
"746,262","0,610890985392059"
"746,523","0,619419374989045"
"746,784","0,641368676159332"
"747,045","0,644755519446152"
"747,306","0,629406641138607"
"747,568","0,623942475506342"
"747,829","0,618910538067257"
"748,09","0,615062943728295"
"748,351","0,613894394385678"
"748,612","0,609426792943579"
"748,873","0,610342615042437"
"749,134","0,611398671720929"
"749,394","0,625002288599086"
"749,655","0,636921670830059"
"749,916","0,636165695918338"
"750,177","0,632155199657468"
"750,438","0,621268373498789"
"750,698","0,616950501434169"
"750,959","0,613090129763389"
"751,22","0,621244721824869"
"751,481","0,62739926696784"
"751,741","0,631362294922723"
"752,002","0,625696522362952"
"752,262","0,623384109736096"
"752,523","0,627142872482842"
"752,783","0,629853283380134"
"753,044","0,623630706111355"
"753,304","0,611932726933898"
"753,565","0,624137998541871"
"753,825","0,633567682679234"
"754,086","0,630806080616295"
"754,346","0,628735695921687"
"754,606","0,629491783454604"
"754,867","0,638630414229425"
"755,127","0,62864422182183"
"755,387","0,623584039998529"
"755,647","0,61529290093507"
"755,908","0,615076379683521"
"756,168","0,602931691751869"
"756,428","0,606568960405037"
"756,688","0,602654618653491"
"756,948","0,611504065918139"
"757,208","0,618288974842596"
"757,468","0,630054483784367"
"757,728","0,626918672874924"
"757,988","0,615902973997814"
"758,248","0,609977129043447"
"758,508","0,606269687624944"
"758,768","0,607949720506802"
"759,028","0,612695952332134"
"759,287","0,609890408092181"
"759,547","0,613045986859999"
"759,807","0,614791249986714"
"760,067","0,614718142380896"
"760,326","0,624493172703927"
"760,586","0,62427143807751"
"760,846","0,615925294248718"
"761,105","0,608067181008677"
"761,365","0,61403794651664"
"761,624","0,626727030400753"
"761,884","0,623280568271299"
"762,144","0,612971395478052"
"762,403","0,60933439585823"
"762,662","0,607695537190457"
"762,922","0,617310554485513"
"763,181","0,633841272331027"
"763,441","0,626275309766952"
"763,7","0,617901932191632"
"763,959","0,609728161619858"
"764,219","0,60933870440182"
"764,478","0,621782908621489"
"764,737","0,624580938111598"
"764,996","0,629646182782231"
"765,255","0,622018360221206"
"765,514","0,604251133977272"
"765,774","0,608531395195766"
"766,033","0,614750461632057"
"766,292","0,607761206449384"
"766,551","0,610633767793812"
"766,81","0,619142647922837"
"767,069","0,6150294637292"
"767,328","0,615813151592835"
"767,587","0,623764793085781"
"767,845","0,614369311125355"
"768,104","0,602508473452038"
"768,363","0,61281110145151"
"768,622","0,610995702481094"
"768,881","0,609458469295948"
"769,139","0,615722069372448"
"769,398","0,612924783916476"
"769,657","0,603685378360654"
"769,915","0,613167382337725"
"770,174","0,625784275149975"
"770,433","0,630765889592302"
"770,691","0,62638045691647"
"770,95","0,628943124324476"
"771,208","0,624896554328732"
"771,467","0,613318790824697"
"771,725","0,607834579819788"
"771,983","0,605133451820256"
"772,242","0,600381760047384"
"772,5","0,610408766613448"
"772,759","0,611007036182106"
"773,017","0,613197228011374"
"773,275","0,617597025750225"
"773,533","0,622746620192526"
"773,792","0,632815881610682"
"774,05","0,634873739832138"
"774,308","0,61512310962547"
"774,566","0,608174147851256"
"774,824","0,607661380067506"
"775,082","0,601337688867333"
"775,34","0,590614669185418"
"775,598","0,58555405643781"
"775,856","0,593504551947865"
"776,114","0,614164713583155"
"776,372","0,631032736669111"
"776,63","0,623019554085597"
"776,888","0,609912039916572"
"777,146","0,603695700554896"
"777,404","0,601728276505241"
"777,661","0,596816783135598"
"777,919","0,596798794125807"
"778,177","0,624317040330806"
"778,434","0,632182298624975"
"778,692","0,616324457624068"
"778,95","0,60208036566691"
"779,207","0,610836933208034"
"779,465","0,625965765039061"
"779,723","0,630093038311214"
"779,98","0,616224623929588"
"780,238","0,607609677772265"
"780,495","0,606592707278204"
"780,752","0,612551621420351"
"781,01","0,605874379293054"
"781,267","0,605963597136315"
"781,525","0,614906518443658"
"781,782","0,619653679472242"
"782,039","0,61379965591492"
"782,296","0,601539548886114"
"782,554","0,606443733894258"
"782,811","0,625317100957418"
"783,068","0,623133483360828"
"783,325","0,618837778229972"
"783,582","0,615128936641431"
"783,839","0,612658768690451"
"784,096","0,61060531411137"
"784,353","0,605078295567635"
"784,61","0,607612342316077"
"784,867","0,616029776006476"
"785,124","0,628410745248562"
"785,381","0,625847489622979"
"785,638","0,616361304270592"
"785,895","0,612004297569982"
"786,152","0,613482296899095"
"786,409","0,598883927437616"
"786,665","0,597881057629247"
"786,922","0,602928494854494"
"787,179","0,608394885438396"
"787,435","0,612896853743567"
"787,692","0,611459328540736"
"787,949","0,60444329526838"
"788,205","0,603461387587875"
"788,462","0,606122315354346"
"788,718","0,602654677018323"
"788,975","0,596089626996305"
"789,231","0,599517577345785"
"789,488","0,597307214804699"
"789,744","0,592502825177661"
"790,001","0,602110732246686"
"790,257","0,611628611102411"
"790,513","0,615026311570965"
"790,77","0,607041451863459"
"791,026","0,600469587171809"
"791,282","0,587841919111122"
"791,538","0,580349666025159"
"791,795","0,579818077026741"
"792,051","0,591706502503131"
"792,307","0,60786053664482"
"792,563","0,605416325411089"
"792,819","0,611152166610682"
"793,075","0,612042387282369"
"793,331","0,618109900684877"
"793,587","0,63088893905773"
"793,843","0,635809303415992"
"794,099","0,624208239700375"
"794,355","0,604927273324091"
"794,611","0,586317957140513"
"794,866","0,585795115119821"
"795,122","0,598132410340232"
"795,378","0,600697493939234"
"795,634","0,602278815350575"
"795,889","0,600969185716775"
"796,145","0,593879873231504"
"796,401","0,591204549393168"
"796,656","0,593842066776804"
"796,912","0,602880522693074"
"797,167","0,585306734316762"
"797,423","0,578424719246633"
"797,679","0,585481525166288"
"797,934","0,587324825828587"
"798,189","0,580672182533692"
"798,445","0,576736004524305"
"798,7","0,575943645068944"
"798,956","0,595859514808247"
"799,211","0,609837750736234"
"799,466","0,599504091662012"
"799,721","0,586485898092941"
"799,977","0,573712852314379"
"800,232","0,583652268511686"
"800,487","0,594604428385796"
"800,742","0,597167630839804"
"800,997","0,587263004751713"
"801,252","0,589699661563256"
"801,508","0,59573670326473"
"801,763","0,593268876131845"
"802,018","0,59584114279925"
"802,273","0,589670868253256"
"802,527","0,589653401592235"
"802,782","0,5899289680211"
"803,037","0,588116720224355"
"803,292","0,583485277710936"
"803,547","0,579600246094339"
"803,802","0,595211661999221"
"804,057","0,616858054812637"
"804,311","0,608688472088781"
"804,566","0,598308395104528"
"804,821","0,596619078941018"
"805,075","0,60016948313178"
"805,33","0,598043899679841"
"805,584","0,608690219520399"
"805,839","0,610334140717171"
"806,094","0,5964558053014"
"806,348","0,58437979903861"
"806,603","0,58999719330787"
"806,857","0,584529049632867"
"807,111","0,588177180459873"
"807,366","0,584951104194106"
"807,62","0,574171342600931"
"807,874","0,589840090480923"
"808,129","0,584096616721691"
"808,383","0,574931674650805"
"808,637","0,591548196264536"
"808,891","0,618538146302927"
"809,146","0,612413914291362"
"809,4","0,592836080028071"
"809,654","0,579413817347086"
"809,908","0,568477404145602"
"810,162","0,577145082989676"
"810,416","0,590054726376917"
"810,67","0,607416248482186"
"810,924","0,612367481607281"
"811,178","0,613661327754919"
"811,432","0,608943379068899"
"811,686","0,60430717190129"
"811,939","0,59167243913565"
"812,193","0,565745823098952"
"812,447","0,545759235629767"
"812,701","0,554421513178463"
"812,955","0,567882313402448"
"813,208","0,5812596754347"
"813,462","0,595056267771134"
"813,716","0,594296833101114"
"813,969","0,596872248692032"
"814,223","0,595431853949141"
"814,476","0,594317118998162"
"814,73","0,604904013233719"
"814,983","0,609729520616396"
"815,237","0,598016388560479"
"815,49","0,584264958569573"
"815,744","0,575289910651997"
"815,997","0,571798872923147"
"816,25","0,577322476296984"
"816,504","0,592492809808052"
"816,757","0,605350320341918"
"817,01","0,621607277054108"
"817,263","0,618338880776602"
"817,516","0,587176790723671"
"817,77","0,576043405239071"
"818,023","0,569282221841883"
"818,276","0,577539828874767"
"818,529","0,571728210759759"
"818,782","0,573181682795687"
"819,035","0,59089896205193"
"819,288","0,59595755360224"
"819,541","0,596663735769831"
"819,794","0,592043938427815"
"820,047","0,576699129697788"
"820,299","0,579513607477485"
"820,552","0,581755755806218"
"820,805","0,58468892114545"
"821,058","0,587227572033205"
"821,311","0,589299666238041"
"821,563","0,581399833657206"
"821,816","0,583562796986421"
"822,069","0,601706143473041"
"822,321","0,602582312993135"
"822,574","0,604876575431961"
"822,826","0,605987467631303"
"823,079","0,58517330228589"
"823,331","0,578353188146569"
"823,584","0,591785297502555"
"823,836","0,593079999486632"
"824,089","0,590753717702531"
"824,341","0,588192331262415"
"824,593","0,595962656351504"
"824,846","0,59062495501169"
"825,098","0,57974226635634"
"825,35","0,580857522228012"
"825,602","0,585408621918527"
"825,855","0,591552791134178"
"826,107","0,602992067995724"
"826,359","0,606384796509958"
"826,611","0,599401490855048"
"826,863","0,592535420084394"
"827,115","0,576638565262324"
"827,367","0,573873621787429"
"827,619","0,575776782511807"
"827,871","0,571917741196414"
"828,123","0,568522518883878"
"828,375","0,56995227160785"
"828,627","0,574233637058605"
"828,879","0,566565166830415"
"829,13","0,57189559356565"
"829,382","0,590236733365707"
"829,634","0,599875552390377"
"829,886","0,598673050901586"
"830,137","0,605150312378507"
"830,389","0,599537751556117"
"830,64","0,58775384459026"
"830,892","0,58482638646195"
"831,144","0,592472379730763"
"831,395","0,580110249199106"
"831,647","0,583911234396671"
"831,898","0,590845604952003"
"832,15","0,583816553781084"
"832,401","0,582905625915884"
"832,652","0,586981884954804"
"832,904","0,597158537830326"
"833,155","0,596260721668213"
"833,406","0,588755118462028"
"833,657","0,576399898332172"
"833,909","0,569895147949601"
"834,16","0,578892931605413"
"834,411","0,59230861136049"
"834,662","0,588493487194037"
"834,913","0,58168252425779"
"835,164","0,579654582755619"
"835,415","0,583452729320978"
"835,666","0,593391262309037"
"835,917","0,596609967357519"
"836,168","0,585038124204114"
"836,419","0,58912737046651"
"836,67","0,597525449261106"
"836,921","0,594526716467622"
"837,172","0,5977253788654"
"837,423","0,60101783224222"
"837,673","0,589124624868906"
"837,924","0,590139567489076"
"838,175","0,601511290414861"
"838,425","0,607181421236381"
"838,676","0,613599812052875"
"838,927","0,604958266347999"
"839,177","0,576179447302861"
"839,428","0,558376026674697"
"839,678","0,563802457117343"
"839,929","0,582416169432532"
"840,179","0,594068425055578"
"840,43","0,596622427119121"
"840,68","0,587734434545998"
"840,93","0,583374998417782"
"841,181","0,604593318478311"
"841,431","0,606844791135677"
"841,681","0,595918069783954"
"841,932","0,591499277534139"
"842,182","0,589972765796364"
"842,432","0,5880735458997"
"842,682","0,590952036925547"
"842,932","0,595326462928463"
"843,182","0,589312554935809"
"843,432","0,561775969970389"
"843,682","0,548077866676183"
"843,932","0,559107035736382"
"844,182","0,570879300449574"
"844,432","0,564614846585496"
"844,682","0,568117484539994"
"844,932","0,57758761343753"
"845,182","0,578316543013172"
"845,432","0,585094459228319"
"845,682","0,581928380279908"
"845,931","0,583907937211505"
"846,181","0,584781043255899"
"846,431","0,593568125953253"
"846,68","0,593467453691406"
"846,93","0,593459036447737"
"847,18","0,588054862780091"
"847,429","0,579975730354851"
"847,679","0,589708222723057"
"847,928","0,602959971797584"
"848,178","0,583946872479022"
"848,427","0,570556993294168"
"848,676","0,576633585065804"
"848,926","0,581438124820813"
"849,175","0,582337692653951"
"849,425","0,583251040759028"
"849,674","0,592843433553923"
"849,923","0,597891319253947"
"850,172","0,585638298812619"
"850,421","0,569217562081601"
"850,671","0,551229002119194"
"850,92","0,551940082436234"
"851,169","0,569491036042987"
"851,418","0,572352483869471"
"851,667","0,569937226610067"
"851,916","0,575141446130301"
"852,165","0,57462424181466"
"852,414","0,561818806272525"
"852,663","0,55860364801047"
"852,912","0,566962953863433"
"853,161","0,568493755067237"
"853,409","0,576456133920538"
"853,658","0,595203304073975"
"853,907","0,596749893170035"
"854,156","0,589454054933558"
"854,404","0,584392124798663"
"854,653","0,586776118899764"
"854,902","0,587892826008377"
"855,15","0,583608200300116"
"855,399","0,60183395169003"
"855,647","0,619261083580147"
"855,896","0,602665654345051"
"856,144","0,581453760508975"
"856,393","0,563207237386603"
"856,641","0,544486244334583"
"856,89","0,540787188020845"
"857,138","0,547653324893525"
"857,386","0,576317447749729"
"857,635","0,595362057364124"
"857,883","0,585399615050566"
"858,131","0,575672679448131"
"858,379","0,595682695715783"
"858,628","0,594959630824501"
"858,876","0,589991573382154"
"859,124","0,591560470312155"
"859,372","0,601327285516773"
"859,62","0,583404028814421"
"859,868","0,551724814842858"
"860,116","0,544444913426004"
"860,364","0,568453838373946"
"860,612","0,575581738813297"
"860,86","0,571593423611577"
"861,108","0,56053099068325"
"861,355","0,557922180571981"
"861,603","0,568343931110538"
"861,851","0,585649241987704"
"862,099","0,588680631243815"
"862,346","0,586936213183173"
"862,594","0,591504011892661"
"862,842","0,588387918393194"
"863,089","0,593939160331632"
"863,337","0,598792643305304"
"863,584","0,589133994710795"
"863,832","0,589632490678015"
"864,079","0,593951107618461"
"864,327","0,581892887362003"
"864,574","0,56904799115163"
"864,822","0,56918804057992"
"865,069","0,567528840153978"
"865,316","0,566954771580556"
"865,564","0,579209632829828"
"865,811","0,586821411958388"
"866,058","0,584980568431651"
"866,305","0,590857875741307"
"866,553","0,579912470252691"
"866,8","0,558265185473917"
"867,047","0,561969498344856"
"867,294","0,56372506768215"
"867,541","0,569905264236785"
"867,788","0,576754771689133"
"868,035","0,578232054939609"
"868,282","0,582464303246324"
"868,529","0,586321574951287"
"868,776","0,57492199654464"
"869,023","0,561939936257321"
"869,269","0,565806272078988"
"869,516","0,577545983697028"
"869,763","0,582361089733723"
"870,01","0,579805214747311"
"870,256","0,573125868495991"
"870,503","0,564057897244845"
"870,75","0,572905048825182"
"870,996","0,574198388707869"
"871,243","0,565445932042284"
"871,489","0,581234450656751"
"871,736","0,584877773944523"
"871,982","0,574824272851247"
"872,229","0,555235115955166"
"872,475","0,572283844901138"
"872,722","0,59543876208471"
"872,968","0,610071286500525"
"873,214","0,609404273877017"
"873,461","0,6088620468431"
"873,707","0,602981851545843"
"873,953","0,581478292392962"
"874,199","0,552819829081979"
"874,445","0,550612118358692"
"874,692","0,555762400843821"
"874,938","0,563878909002692"
"875,184","0,569754536825254"
"875,43","0,573266780754586"
"875,676","0,570837222467852"
"875,922","0,584489121845394"
"876,168","0,589976696580985"
"876,414","0,586953202534545"
"876,659","0,584896930178009"
"876,905","0,571102148159942"
"877,151","0,575595117714938"
"877,397","0,555373504530637"
"877,643","0,541155688419336"
"877,888","0,536416860862476"
"878,134","0,532258149626313"
"878,38","0,535747561551756"
"878,625","0,551587214691864"
"878,871","0,577197765479279"
"879,117","0,583470348103247"
"879,362","0,58451443001666"
"879,608","0,574761302254361"
"879,853","0,570357800073707"
"880,098","0,58568448432697"
"880,344","0,581242631883508"
"880,589","0,56371222281762"
"880,835","0,555279109375597"
"881,08","0,549114941630514"
"881,325","0,551701569064267"
"881,57","0,559081948016335"
"881,816","0,564258470958071"
"882,061","0,56312735106556"
"882,306","0,576640731828967"
"882,551","0,584094537820598"
"882,796","0,595066301372739"
"883,041","0,600107629832612"
"883,286","0,600366665743075"
"883,531","0,602266530785113"
"883,776","0,601494840297522"
"884,021","0,598530768217157"
"884,266","0,586201544032614"
"884,511","0,572679679526802"
"884,756","0,559721634328732"
"885,001","0,547517864911"
"885,245","0,533516871453896"
"885,49","0,528762160096392"
"885,735","0,541215151404561"
"885,979","0,554608431852958"
"886,224","0,574076801655021"
"886,469","0,585389985686398"
"886,713","0,587984349032284"
"886,958","0,583943587647928"
"887,202","0,588368299632468"
"887,447","0,589943276693587"
"887,691","0,596862042009381"
"887,936","0,600601529242896"
"888,18","0,590236072067467"
"888,424","0,580689700799814"
"888,669","0,584683924538215"
"888,913","0,587442175171841"
"889,157","0,595627999531781"
"889,402","0,590299467880366"
"889,646","0,591346799572876"
"889,89","0,60500626635215"
"890,134","0,596299965466143"
"890,378","0,580171298986075"
"890,622","0,565715828480833"
"890,866","0,561725004890702"
"891,11","0,571786633855128"
"891,354","0,57507261439398"
"891,598","0,550226574917811"
"891,842","0,538939189758275"
"892,086","0,552093557254563"
"892,33","0,558934055396056"
"892,574","0,557775172377394"
"892,817","0,560905091522966"
"893,061","0,556595966537174"
"893,305","0,555136487057076"
"893,548","0,576286389507122"
"893,792","0,601661699228633"
"894,036","0,611350859260206"
"894,279","0,606817095688926"
"894,523","0,589279995024798"
"894,766","0,570039520829169"
"895,01","0,573254271599025"
"895,253","0,588203677711254"
"895,497","0,586854655822994"
"895,74","0,576895671091213"
"895,984","0,572171479524041"
"896,227","0,565325215571985"
"896,47","0,569554437589585"
"896,713","0,570027301651832"
"896,957","0,585248285235642"
"897,2","0,592319561395205"
"897,443","0,593473742288291"
"897,686","0,598294535416254"
"897,929","0,59192858480391"
"898,172","0,570042823568166"
"898,415","0,550241561634974"
"898,658","0,549921063804354"
"898,901","0,555561111097222"
"899,144","0,559492688188738"
"899,387","0,575599939620462"
"899,63","0,582700490834752"
"899,873","0,580972833281016"
"900,116","0,57680508130879"
"900,359","0,570543462617685"
"900,601","0,573343730541413"
"900,844","0,574871120458555"
"901,087","0,575858971090856"
"901,329","0,57395039148394"
"901,572","0,591055148327885"
"901,815","0,608874609687492"
"902,057","0,612020060270847"
"902,3","0,597180955048839"
"902,542","0,580726098914728"
"902,785","0,569646644711762"
"903,027","0,563917696400113"
"903,269","0,573802157198732"
"903,512","0,584388698731671"
"903,754","0,58140302486778"
"903,996","0,576934524062607"
"904,239","0,561325456446162"
"904,481","0,555489590687525"
"904,723","0,572697344445781"
"904,965","0,580702894011918"
"905,207","0,581765072281545"
"905,449","0,568178534311225"
"905,691","0,567014573060778"
"905,934","0,562901948305438"
"906,176","0,54494946682033"
"906,417","0,548805418590651"
"906,659","0,549518778956769"
"906,901","0,548282765662296"
